id,plan_id,entitlement_id,created_at
006bc092-dd62-486b-9b4c-cd19c0a2a835,2d41d1de-51fa-41ed-8acd-6ee63bcd316e,96934a86-8297-461e-9476-d1471b589f43,2023-11-21 08:28:23.277447+00
05636b01-7561-4c84-849c-8d8548cbf9a1,2d41d1de-51fa-41ed-8acd-6ee63bcd316e,31c5a807-d325-4abc-a6dc-626bd9d5babd,2023-11-21 08:28:23.277447+00
35c13387-6791-44bf-975b-9035a17e59f8,2d41d1de-51fa-41ed-8acd-6ee63bcd316e,c0ff5150-e0ee-4bae-8d87-6023d66954cd,2023-11-21 08:28:23.277447+00
48201004-faf5-44cf-82dc-d7d0035518d9,2d41d1de-51fa-41ed-8acd-6ee63bcd316e,68493ef2-f937-439d-b236-593fd2e2a9b4,2024-04-18 10:19:30.419719+00
3cc90a28-a446-473e-a889-67acd39737d3,307a87a8-9185-4711-8470-38cdb9b6b42a,96934a86-8297-461e-9476-d1471b589f43,2024-04-18 10:19:30.419719+00
7edc01ce-051e-4309-a0aa-eb98941d6864,307a87a8-9185-4711-8470-38cdb9b6b42a,31c5a807-d325-4abc-a6dc-626bd9d5babd,2024-04-18 10:19:30.419719+00
08793215-297c-47af-8418-c19585ff7f6a,307a87a8-9185-4711-8470-38cdb9b6b42a,c0ff5150-e0ee-4bae-8d87-6023d66954cd,2024-04-18 10:19:30.419719+00
204b6ce6-6a5f-4cc0-93ab-05b4a3ddfb39,307a87a8-9185-4711-8470-38cdb9b6b42a,1b556124-08a5-4ab5-a0d0-eb575d2cd614,2024-04-18 10:19:30.419719+00
87cedd5f-4f40-41d4-8c54-15c027977e48,307a87a8-9185-4711-8470-38cdb9b6b42a,b0fe4bd4-9a5f-4220-ba03-7dcd87949581,2024-04-18 10:19:30.419719+00
d810a817-0951-4d0d-9b57-ada33c6e910e,307a87a8-9185-4711-8470-38cdb9b6b42a,99ef1054-d1e7-4b08-9fbf-db2d9203f21a,2024-04-18 10:19:30.419719+00
e2d0825d-e42d-4722-a50d-8eb7e1f761f6,307a87a8-9185-4711-8470-38cdb9b6b42a,6ffc1216-2f8f-4d4a-b2a9-14a112fd99a0,2024-04-18 10:19:30.419719+00
d3365155-4581-4f65-b8e0-661d53c6e8c3,2d41d1de-51fa-41ed-8acd-6ee63bcd316e,33b45a25-662e-4610-83fc-09a0f95b037f,2024-04-23 07:27:18.001417+00
5d7655c3-f92d-4e91-9382-2e6e227abaab,307a87a8-9185-4711-8470-38cdb9b6b42a,33b45a25-662e-4610-83fc-09a0f95b037f,2024-04-23 07:27:18.001417+00
cc2ce55c-4ad0-4777-bb01-b9a98c23069c,34a91812-c6ab-4e35-b011-7433bf68299d,96934a86-8297-461e-9476-d1471b589f43,2024-05-07 05:03:49.666391+00
1997fc6f-64c1-48d2-8746-df236870ad97,34a91812-c6ab-4e35-b011-7433bf68299d,31c5a807-d325-4abc-a6dc-626bd9d5babd,2024-05-07 05:03:49.666391+00
aefb9425-3085-4c86-890a-67859885416f,34a91812-c6ab-4e35-b011-7433bf68299d,c0ff5150-e0ee-4bae-8d87-6023d66954cd,2024-05-07 05:03:49.666391+00
f39c40cd-a33a-4b76-adb0-0e8aec0cd95a,34a91812-c6ab-4e35-b011-7433bf68299d,99ef1054-d1e7-4b08-9fbf-db2d9203f21a,2024-05-07 05:03:49.666391+00
69867291-1b11-453c-a707-35d4d5ce6963,34a91812-c6ab-4e35-b011-7433bf68299d,6ffc1216-2f8f-4d4a-b2a9-14a112fd99a0,2024-05-07 05:03:49.666391+00
6c319a6a-036c-4774-8829-3987dc670c44,34a91812-c6ab-4e35-b011-7433bf68299d,9c0bd545-1a9f-41db-af22-0fafa128c3cb,2024-05-07 05:03:49.666391+00
d7e74881-0cb0-482c-a68c-963ea330d317,34a91812-c6ab-4e35-b011-7433bf68299d,5fa6eac2-f77e-47c3-bbee-2611964cce38,2024-05-07 05:03:49.666391+00
6d05030a-ac38-4f73-a655-b578768bc3da,34a91812-c6ab-4e35-b011-7433bf68299d,4b2ab3dd-1bb0-4821-b64d-eea32ce4e2c6,2024-05-07 05:03:49.666391+00
4ff2c72a-c2f3-4923-b418-a5a5a64a80b7,ef8e3ee9-ee6c-41d0-b1a0-d01e39d49d4d,96934a86-8297-461e-9476-d1471b589f43,2024-06-25 14:11:53.120683+00
27856f6f-4876-4051-b8b1-cdc24d841f63,ef8e3ee9-ee6c-41d0-b1a0-d01e39d49d4d,31c5a807-d325-4abc-a6dc-626bd9d5babd,2024-06-25 14:11:53.120683+00
e33d448f-30dd-4c05-b246-45183d1bdb2a,ef8e3ee9-ee6c-41d0-b1a0-d01e39d49d4d,c0ff5150-e0ee-4bae-8d87-6023d66954cd,2024-06-25 14:11:53.120683+00
1d9832ae-8bbe-4ab0-8111-b57a8d0e2617,ef8e3ee9-ee6c-41d0-b1a0-d01e39d49d4d,99ef1054-d1e7-4b08-9fbf-db2d9203f21a,2024-06-25 14:11:53.120683+00
4fbc70a4-73ed-4577-9f11-e4e1dc2dc930,ef8e3ee9-ee6c-41d0-b1a0-d01e39d49d4d,6ffc1216-2f8f-4d4a-b2a9-14a112fd99a0,2024-06-25 14:11:53.120683+00
a8d4c240-3016-4dcc-bfb8-a98738bb1ec5,ef8e3ee9-ee6c-41d0-b1a0-d01e39d49d4d,a1a4c6b7-5410-47ee-b0ce-efb2be05b7c1,2024-06-25 14:11:53.120683+00
0abf6147-83a7-49bb-9a23-9bb0d15eb2c7,ef8e3ee9-ee6c-41d0-b1a0-d01e39d49d4d,442c0228-8954-4557-a7ff-5a6ba45f4913,2024-06-25 14:11:53.120683+00
6cbd44e5-cc90-4f6c-81a3-5d20c8c5241f,ef8e3ee9-ee6c-41d0-b1a0-d01e39d49d4d,5590376c-f390-4d3a-a116-6017f0a4b6e2,2024-06-25 14:11:53.120683+00
8374ea3b-d23e-4ed8-9771-15804a2da47f,28058da3-610f-4d2f-94d8-10bf0a340d6b,96934a86-8297-461e-9476-d1471b589f43,2024-07-09 12:38:51.557607+00
b473d96b-b197-4ffe-9525-5e295a904db9,28058da3-610f-4d2f-94d8-10bf0a340d6b,31c5a807-d325-4abc-a6dc-626bd9d5babd,2024-07-09 12:38:51.557607+00
68f95359-db50-4ed2-80db-7245e2cb0987,28058da3-610f-4d2f-94d8-10bf0a340d6b,c0ff5150-e0ee-4bae-8d87-6023d66954cd,2024-07-09 12:38:51.557607+00
5bb4bac3-3baa-44e4-87e7-b729a9018d18,28058da3-610f-4d2f-94d8-10bf0a340d6b,99ef1054-d1e7-4b08-9fbf-db2d9203f21a,2024-07-09 12:38:51.557607+00
bed06835-7d5f-41bf-ae6a-2afeaf7a12e5,28058da3-610f-4d2f-94d8-10bf0a340d6b,6ffc1216-2f8f-4d4a-b2a9-14a112fd99a0,2024-07-09 12:38:51.557607+00
a2a61ea7-0e1c-470d-a7e9-fd1325750976,28058da3-610f-4d2f-94d8-10bf0a340d6b,a1a4c6b7-5410-47ee-b0ce-efb2be05b7c1,2024-07-09 12:38:51.557607+00
3fcaba20-abf3-40c2-acd9-a9432649caae,28058da3-610f-4d2f-94d8-10bf0a340d6b,442c0228-8954-4557-a7ff-5a6ba45f4913,2024-07-09 12:38:51.557607+00
12e6c120-6a7b-4d51-b185-3a0071846912,28058da3-610f-4d2f-94d8-10bf0a340d6b,5590376c-f390-4d3a-a116-6017f0a4b6e2,2024-07-09 12:38:51.557607+00
0a23ffb0-0657-4161-90af-a8e18539cd41,34a91812-c6ab-4e35-b011-7433bf68299d,0d3810a0-e915-42b0-80a3-3d189c647c9a,2024-07-17 16:20:11.175929+00
48871b46-6c17-4b48-83bd-9ec00b8df5b6,307a87a8-9185-4711-8470-38cdb9b6b42a,9c0bd545-1a9f-41db-af22-0fafa128c3cb,2024-07-23 11:07:09.99048+00
37cb41aa-270b-443c-b20b-fab3ab142dbc,ef8e3ee9-ee6c-41d0-b1a0-d01e39d49d4d,9c0bd545-1a9f-41db-af22-0fafa128c3cb,2024-07-23 11:07:09.99048+00
9fd6df49-fd07-4ba8-b8aa-217574efee2c,307a87a8-9185-4711-8470-38cdb9b6b42a,7ac128f3-44b3-4e88-ab21-08cdf1a272ce,2024-07-23 11:07:09.99048+00
8fe88fbc-4e6b-4f73-a753-4f6ee9e9fa06,34a91812-c6ab-4e35-b011-7433bf68299d,7ac128f3-44b3-4e88-ab21-08cdf1a272ce,2024-07-23 11:07:09.99048+00
80871580-30a0-468c-9bcc-10b70f3e62eb,ef8e3ee9-ee6c-41d0-b1a0-d01e39d49d4d,7ac128f3-44b3-4e88-ab21-08cdf1a272ce,2024-07-23 11:07:09.99048+00
c403603a-0ccf-4ab3-a508-d9c8ffe8228c,28058da3-610f-4d2f-94d8-10bf0a340d6b,7ac128f3-44b3-4e88-ab21-08cdf1a272ce,2024-07-23 11:07:09.99048+00
dec660e1-4f1f-4c24-80d0-53972b9653aa,28058da3-610f-4d2f-94d8-10bf0a340d6b,9c0bd545-1a9f-41db-af22-0fafa128c3cb,2024-07-29 08:14:10.916256+00
1233c250-ad7e-4660-ae4d-d2b20116de82,34a91812-c6ab-4e35-b011-7433bf68299d,33b45a25-662e-4610-83fc-09a0f95b037f,2024-07-29 13:59:23.954787+00
29c6e6ab-96bf-4dc1-85b3-6de816ed38af,ef8e3ee9-ee6c-41d0-b1a0-d01e39d49d4d,33b45a25-662e-4610-83fc-09a0f95b037f,2024-07-29 13:59:23.954787+00
f08149dd-7483-4cbb-8a83-e2e77fe06fdf,28058da3-610f-4d2f-94d8-10bf0a340d6b,33b45a25-662e-4610-83fc-09a0f95b037f,2024-07-29 13:59:23.954787+00
803780c3-9d4d-4647-9522-6a90c4557020,28058da3-610f-4d2f-94d8-10bf0a340d6b,0d3810a0-e915-42b0-80a3-3d189c647c9a,2024-07-29 17:30:09.477773+00
