id,name,owner_id,created_at,updated_at,deleted_at,active_models,active_commands
fd8a8811-029d-4b3e-af72-6830afff9369,nice-chameleon-7112,131acb42-4ac3-4fa6-9724-002cbe2173f6,2024-10-16 21:52:47.511579+00,2024-10-16 21:52:47.511579+00,,47,20
5206a8ba-df9c-4f32-a735-ef55aa030c6c,eager-lemur-8602,131acb42-4ac3-4fa6-9724-002cbe2173f6,2024-10-21 21:35:24.623268+00,2024-10-21 21:35:24.623268+00,,0,79
a5c94bc8-7102-4880-9ac0-d145823f4703,game-flamingo-2876,131acb42-4ac3-4fa6-9724-002cbe2173f6,2024-10-17 08:29:11.61693+00,2024-10-17 08:29:11.61693+00,,96,78
1b076c5e-3565-440e-9e96-c3fe64eacf5c,game-aardvark-2924,131acb42-4ac3-4fa6-9724-002cbe2173f6,2024-10-23 01:12:53.661829+00,2024-10-23 01:12:53.661829+00,,21,48
2210f9d4-50be-4c20-b99e-217ab62cfcb9,game-giraffe-4655,131acb42-4ac3-4fa6-9724-002cbe2173f6,2024-10-18 23:39:10.879518+00,2024-10-18 23:39:10.879518+00,2024-10-19 14:35:34.060668+00,44,97
e44d4654-57bd-448a-accc-6dc1f64f2843,lively-beaver-8837,131acb42-4ac3-4fa6-9724-002cbe2173f6,2024-10-19 16:24:39.629916+00,2024-10-19 16:24:39.629916+00,,41,13
a0bd91ce-0a9b-4b00-8f16-ae053179e566,sweet-jaguar-6192,131acb42-4ac3-4fa6-9724-002cbe2173f6,2024-10-21 09:10:41.675951+00,2024-10-21 09:10:41.675951+00,,58,39
0d6e3932-06ba-446e-9666-3197bb7b75d8,sweet-hedgehog-7978,131acb42-4ac3-4fa6-9724-002cbe2173f6,2024-10-23 17:40:48.290099+00,2024-10-23 17:40:48.290099+00,,85,76
4de1f347-d114-4985-b26d-307586d820ae,jolly-dolphin-7963,131acb42-4ac3-4fa6-9724-002cbe2173f6,2024-10-17 07:06:08.255806+00,2024-10-17 07:06:08.255806+00,,93,34
4921b920-3adf-43a7-b038-48f6638877d6,eager-pelican-8306,963199fa-f3f6-46b1-b28c-0a99fcff10ae,2024-10-17 00:49:43.976267+00,2024-10-17 00:49:43.976267+00,,83,17
5b45bf8c-fb11-414a-886f-1a7891c85aec,witty-lemur-9915,963199fa-f3f6-46b1-b28c-0a99fcff10ae,2024-10-23 00:20:12.297898+00,2024-10-23 00:20:12.297898+00,,18,39
b227f94f-d6df-4336-9d09-de065c13952d,calm-beaver-1807,963199fa-f3f6-46b1-b28c-0a99fcff10ae,2024-10-23 08:42:54.967728+00,2024-10-23 08:42:54.967728+00,,34,13
6138da66-1f68-4ff7-bb96-33af19a3a13e,happy-beaver-4960,eda2b9d8-caec-4913-85ac-953fff43a439,2024-10-23 15:17:04.986212+00,2024-10-23 15:17:04.986212+00,2024-10-23 15:51:21.960134+00,46,65
cc1b1d4b-55fc-49ba-9ed3-f421031ff7df,eager-giraffe-3800,eda2b9d8-caec-4913-85ac-953fff43a439,2024-10-14 05:54:54.130756+00,2024-10-14 05:54:54.130756+00,,87,75
e42cf744-bf65-4b3b-aa23-e946c69c1663,witty-lemur-5289,eda2b9d8-caec-4913-85ac-953fff43a439,2023-01-11 07:31:59.779124+00,2023-01-11 07:31:59.779124+00,,95,100
069be3a9-4fbb-48e5-a4cf-57dbd789fc2a,brave-lemur-3551,eda2b9d8-caec-4913-85ac-953fff43a439,2023-04-07 06:58:16.451001+00,2023-04-07 06:58:16.451001+00,,66,2
8b26900b-4ff0-4bec-b145-b8e837516223,proud-beaver-3747,eda2b9d8-caec-4913-85ac-953fff43a439,2023-09-09 00:42:37.037753+00,2023-09-09 00:42:37.037753+00,,73,44
12bd371e-a556-4384-8b8d-d32c3f338331,jolly-flamingo-8084,eda2b9d8-caec-4913-85ac-953fff43a439,2022-11-21 02:13:59.72639+00,2022-11-21 02:13:59.72639+00,,11,98
5e67933b-5ff1-437a-8967-862746562256,proud-lemur-4381,b7a9546a-3dc2-49ea-a285-f2eceb6ffc4b,2023-10-01 12:30:31.093219+00,2023-10-01 12:30:31.093219+00,,55,54
d6f7afed-a184-475d-bb95-7f63283e21db,sweet-dolphin-6036,b7a9546a-3dc2-49ea-a285-f2eceb6ffc4b,2023-01-19 07:44:35.194518+00,2023-01-19 07:44:35.194518+00,,91,90
1176cf0e-2b20-43ba-a6fb-c0e236a71aa1,brave-pelican-4505,b7a9546a-3dc2-49ea-a285-f2eceb6ffc4b,2023-12-03 08:15:12.774103+00,2023-12-03 08:15:12.774103+00,,24,6
58be0f76-09a9-4fd1-b596-8c5eeffd10d3,game-pelican-2003,b7a9546a-3dc2-49ea-a285-f2eceb6ffc4b,2024-04-04 14:20:36.674965+00,2024-04-04 14:20:36.674965+00,,62,31
1c45582b-737f-4719-986b-46af4eb3e3c6,eager-hedgehog-7534,b7a9546a-3dc2-49ea-a285-f2eceb6ffc4b,2023-12-19 20:10:26.049144+00,2023-12-19 20:10:26.049144+00,,71,93
217c784e-e590-4e8e-9535-61066331dcda,eager-flamingo-2881,b7a9546a-3dc2-49ea-a285-f2eceb6ffc4b,2024-03-10 08:13:43.200704+00,2024-03-10 08:13:43.200704+00,,43,64
75b6aba0-e6c6-4500-a2f0-86d0dea54f41,game-pelican-6670,fa87abc9-ef26-42e9-9fbd-1c90a26a2ddb,2023-03-03 09:25:46.902232+00,2023-03-03 09:25:46.902232+00,,80,21
20acf425-7b05-465d-bf31-fba39b756085,game-flamingo-4651,fa87abc9-ef26-42e9-9fbd-1c90a26a2ddb,2022-12-19 01:46:49.25472+00,2022-12-19 01:46:49.25472+00,,17,91
b277ced1-d00a-467b-b3c1-25a74cecf0c3,game-beaver-9221,fa87abc9-ef26-42e9-9fbd-1c90a26a2ddb,2023-03-20 13:42:01.573328+00,2023-03-20 13:42:01.573328+00,,66,69
dee747b2-8579-4b65-936f-ef9c9d0c4caa,witty-elephant-8398,fa87abc9-ef26-42e9-9fbd-1c90a26a2ddb,2023-03-24 08:08:16.80858+00,2023-03-24 08:08:16.80858+00,,94,31
f0e29b83-bf1b-46ad-bb9b-d1dc53bc51ed,jolly-chameleon-9873,fa87abc9-ef26-42e9-9fbd-1c90a26a2ddb,2024-02-18 15:47:32.976952+00,2024-02-18 15:47:32.976952+00,,55,92
d6ce3db1-2ee6-4a21-94b3-3f4c834fb050,game-giraffe-3526,fa87abc9-ef26-42e9-9fbd-1c90a26a2ddb,2024-09-21 19:47:03.218184+00,2024-09-21 19:47:03.218184+00,,44,31
cab4cfb3-64a6-42fd-87f3-3a2b82230db8,gentle-platypus-2766,fa87abc9-ef26-42e9-9fbd-1c90a26a2ddb,2023-03-23 15:50:38.35994+00,2023-03-23 15:50:38.35994+00,,1,56
52d561cd-860a-425f-b751-dc9a935cee70,sweet-chameleon-1102,12b689e7-148d-40c5-b477-cc9f9b85d81a,2023-10-01 08:27:39.271491+00,2023-10-01 08:27:39.271491+00,,16,58
b44a8d56-a320-478e-8cb7-a52199c1d4d6,silly-beaver-2537,12b689e7-148d-40c5-b477-cc9f9b85d81a,2024-10-21 05:38:05.372519+00,2024-10-21 05:38:05.372519+00,,63,25
d6812bf7-b30a-4f30-b5ad-123844284cde,lively-kangaroo-2044,74360084-0da5-4b75-b541-8b49a32c357b,2024-05-05 05:49:05.56485+00,2024-05-05 05:49:05.56485+00,,78,72
5a7e3d75-b529-4296-af35-4862954ea00e,kind-aardvark-5566,74360084-0da5-4b75-b541-8b49a32c357b,2022-12-29 18:21:26.789535+00,2022-12-29 18:21:26.789535+00,,0,59
39ea0f1c-d240-4f9b-bf2d-61169240793b,lively-lemur-4906,74360084-0da5-4b75-b541-8b49a32c357b,2023-02-27 21:53:01.261982+00,2023-02-27 21:53:01.261982+00,,55,74
5e3cb17d-ca98-41d7-b8e7-224f03be8396,brave-anchovy-9361,74360084-0da5-4b75-b541-8b49a32c357b,2024-02-02 02:08:51.982901+00,2024-02-02 02:08:51.982901+00,,61,10
ecfccfaf-2eac-46e6-af5f-85a40ae01f87,faithful-flamingo-1636,74360084-0da5-4b75-b541-8b49a32c357b,2023-12-15 03:14:39.071265+00,2023-12-15 03:14:39.071265+00,,57,5
ee2b4eb7-5fae-45cf-8c6d-8abde56d897c,gentle-dolphin-9046,74360084-0da5-4b75-b541-8b49a32c357b,2023-07-16 09:32:54.865771+00,2023-07-16 09:32:54.865771+00,,63,30
2c73e5d7-8802-4671-9287-eb0efc414960,jolly-giraffe-8870,74360084-0da5-4b75-b541-8b49a32c357b,2023-01-01 18:52:19.552759+00,2023-01-01 18:52:19.552759+00,,93,92
b7b82cb7-c1b8-4376-b1fc-c1b140b98809,lively-dolphin-9351,74360084-0da5-4b75-b541-8b49a32c357b,2023-03-28 16:20:40.888144+00,2023-03-28 16:20:40.888144+00,,1,55
3e79faad-4c1f-4ef0-af2e-b8ca90501b80,witty-elephant-7293,74360084-0da5-4b75-b541-8b49a32c357b,2023-06-28 07:35:40.35354+00,2023-06-28 07:35:40.35354+00,,73,79
49b6a237-0c3e-4168-a4ee-d26ae8dc0261,gentle-flamingo-5614,74360084-0da5-4b75-b541-8b49a32c357b,2024-01-07 01:54:13.879904+00,2024-01-07 01:54:13.879904+00,,12,36
29461774-9586-4eb4-8401-3584d6d78481,jolly-lemur-9740,4d23ecb2-1ea9-43d4-b68a-6c36a73bd94d,2023-12-08 13:53:54.341633+00,2023-12-08 13:53:54.341633+00,,39,59
8075c5e8-f92c-4d27-84da-11c6ea83faa4,nice-aardvark-7528,4d23ecb2-1ea9-43d4-b68a-6c36a73bd94d,2023-10-22 01:49:35.53274+00,2023-10-22 01:49:35.53274+00,,58,6
9c562378-3f3b-456d-b396-1a7f7eaa23c7,brave-anchovy-4340,4d23ecb2-1ea9-43d4-b68a-6c36a73bd94d,2023-12-17 22:35:08.957398+00,2023-12-17 22:35:08.957398+00,,74,94
50e38b95-b184-4b7a-8288-d09ad35a163c,faithful-jaguar-7713,4d23ecb2-1ea9-43d4-b68a-6c36a73bd94d,2023-09-14 01:58:49.679137+00,2023-09-14 01:58:49.679137+00,,57,68
059f3e06-0095-4588-9824-867a14ead3e9,jolly-kangaroo-7342,4d23ecb2-1ea9-43d4-b68a-6c36a73bd94d,2024-05-15 02:19:57.590541+00,2024-05-15 02:19:57.590541+00,2024-09-26 10:43:48.185566+00,24,80
6dedf5bb-933b-4b27-a6af-a5ac28573cf0,sweet-aardvark-1347,4d23ecb2-1ea9-43d4-b68a-6c36a73bd94d,2024-09-18 18:13:27.33429+00,2024-09-18 18:13:27.33429+00,,40,30
f3500ac6-4a4e-4c05-89cc-67df201775ad,proud-pelican-7085,4d23ecb2-1ea9-43d4-b68a-6c36a73bd94d,2023-05-29 13:55:43.851169+00,2023-05-29 13:55:43.851169+00,2023-06-09 16:20:37.400965+00,92,7
fcab07ac-9445-444c-8bfe-b687524d8cf8,witty-iguana-4943,4d23ecb2-1ea9-43d4-b68a-6c36a73bd94d,2022-12-25 07:35:22.147654+00,2022-12-25 07:35:22.147654+00,,50,71
52ddcd47-053a-40ae-953f-c85db389d5eb,game-dolphin-7818,88ec5c03-3cd4-4b36-a5bc-2c0419cd0e72,2022-11-28 17:25:00.474614+00,2022-11-28 17:25:00.474614+00,,17,20
22a38481-6f88-4ebd-bdf1-fb9274f867da,eager-elephant-5165,88ec5c03-3cd4-4b36-a5bc-2c0419cd0e72,2023-11-05 10:44:56.656725+00,2023-11-05 10:44:56.656725+00,,37,81
0016dcb5-8d5d-4844-9982-11f36d7e8e82,silly-aardvark-2319,88ec5c03-3cd4-4b36-a5bc-2c0419cd0e72,2024-07-26 15:09:23.050593+00,2024-07-26 15:09:23.050593+00,,76,79
d24f8ebe-2cc5-4e87-b29c-004280ed5323,happy-giraffe-5130,88ec5c03-3cd4-4b36-a5bc-2c0419cd0e72,2024-01-04 11:43:48.000764+00,2024-01-04 11:43:48.000764+00,,98,48
b85273cb-3d98-4ae4-86e6-4a9a3d40d94c,happy-lemur-8762,88ec5c03-3cd4-4b36-a5bc-2c0419cd0e72,2024-03-10 07:46:49.513246+00,2024-03-10 07:46:49.513246+00,2024-07-23 10:06:54.963729+00,34,18
0fe4dc16-7c59-4f34-8251-dadd6fae98c4,witty-hedgehog-1227,88ec5c03-3cd4-4b36-a5bc-2c0419cd0e72,2024-10-12 11:46:39.178627+00,2024-10-12 11:46:39.178627+00,2024-10-22 09:40:54.063508+00,3,0
46f27030-97d9-4c03-8de4-5ccba3cb3a2b,lively-lemur-3405,79c391c1-c780-4576-99b9-e586ab615871,2023-08-11 08:49:51.503774+00,2023-08-11 08:49:51.503774+00,,41,53
ebd214cd-09f9-479a-b428-edc579a155d2,eager-kangaroo-5560,79c391c1-c780-4576-99b9-e586ab615871,2024-10-19 03:26:14.421689+00,2024-10-19 03:26:14.421689+00,,50,1
41342e17-b89d-4f2c-8228-900915e9aa94,proud-platypus-7552,79c391c1-c780-4576-99b9-e586ab615871,2024-09-09 18:35:15.566723+00,2024-09-09 18:35:15.566723+00,,83,2
2f08b938-c695-4d35-81e2-0ba38042f063,faithful-hedgehog-2205,79c391c1-c780-4576-99b9-e586ab615871,2023-12-18 04:27:13.714636+00,2023-12-18 04:27:13.714636+00,2024-09-17 07:45:01.020136+00,95,9
73cdfe92-3e8d-4b8d-88c7-e08ee5d9f14c,silly-beaver-4956,79c391c1-c780-4576-99b9-e586ab615871,2024-02-19 13:53:08.389431+00,2024-02-19 13:53:08.389431+00,,67,41
af6f8629-760d-4ccb-b024-3d17ee602497,lively-lemur-2095,f1e00001-5c4e-4769-b5cb-c6d03c179440,2023-09-03 20:37:59.774749+00,2023-09-03 20:37:59.774749+00,,84,59
3eb93726-1b30-47d3-9e7a-25d34ab3b6ea,kind-iguana-5563,f1e00001-5c4e-4769-b5cb-c6d03c179440,2024-01-08 19:15:42.9286+00,2024-01-08 19:15:42.9286+00,,19,12
72d52ca8-ff58-4c82-9fdb-5fd82f742414,game-elephant-5740,f1e00001-5c4e-4769-b5cb-c6d03c179440,2024-05-28 13:33:02.378058+00,2024-05-28 13:33:02.378058+00,,69,71
fccc7c0b-ebab-4822-ad8c-0f6843672b14,kind-lemur-9741,f1e00001-5c4e-4769-b5cb-c6d03c179440,2023-04-15 01:54:48.404382+00,2023-04-15 01:54:48.404382+00,,9,64
ad221fa4-3d51-4ebd-a659-b819503b4c68,kind-elephant-9466,6f5d4605-2ca5-4ee3-8180-b9148ea199cf,2024-02-22 03:59:09.281429+00,2024-02-22 03:59:09.281429+00,,6,12
0a718c8c-5345-44c6-bdce-79dd3295df96,jolly-beaver-9285,6f5d4605-2ca5-4ee3-8180-b9148ea199cf,2023-01-01 04:26:18.993349+00,2023-01-01 04:26:18.993349+00,,51,20
8f7b4149-6602-4ea8-875d-a533f7a0ac26,nice-platypus-6693,6f5d4605-2ca5-4ee3-8180-b9148ea199cf,2024-09-04 06:25:11.134196+00,2024-09-04 06:25:11.134196+00,,95,79
6a66cc79-3695-4bb9-9cd7-e540b3c7c12d,game-iguana-2111,6f5d4605-2ca5-4ee3-8180-b9148ea199cf,2023-08-26 10:33:50.938218+00,2023-08-26 10:33:50.938218+00,,76,6
4849a7e0-ad07-4f5d-b3fd-9a6b6c2d2f57,kind-pelican-9415,6f5d4605-2ca5-4ee3-8180-b9148ea199cf,2024-10-23 14:57:02.186657+00,2024-10-23 14:57:02.186657+00,,60,34
881f1a1e-da59-4e3d-b7fb-cf3b7d81cd9e,game-chameleon-8817,6f5d4605-2ca5-4ee3-8180-b9148ea199cf,2023-08-03 00:59:43.945739+00,2023-08-03 00:59:43.945739+00,,71,66
2195722f-a5c3-4736-9181-22ae14f3bd95,lively-giraffe-4173,6f5d4605-2ca5-4ee3-8180-b9148ea199cf,2024-09-22 05:24:17.764659+00,2024-09-22 05:24:17.764659+00,,85,47
72fbabd4-77c8-458d-89d2-e3e1776d4ec4,silly-hedgehog-2293,6f5d4605-2ca5-4ee3-8180-b9148ea199cf,2023-08-02 16:35:39.505652+00,2023-08-02 16:35:39.505652+00,,11,49
1f4ca619-4bf1-4e8a-a071-82807894dd6d,brave-elephant-1276,6f5d4605-2ca5-4ee3-8180-b9148ea199cf,2023-06-27 19:19:21.311649+00,2023-06-27 19:19:21.311649+00,,72,22
8f2ccefd-db6c-4466-939e-f8b44c94de51,game-elephant-1036,6f5d4605-2ca5-4ee3-8180-b9148ea199cf,2024-07-22 16:03:23.695921+00,2024-07-22 16:03:23.695921+00,2024-10-05 20:06:55.101275+00,18,93
d61410ce-5dd6-43f0-a03b-107dd28fc33b,happy-giraffe-1288,954d7987-df52-4806-b77c-92e8ed047f0b,2022-10-26 14:29:55.019558+00,2022-10-26 14:29:55.019558+00,,43,43
4fc9255e-71a0-454d-81ba-583bd3e8da48,game-anchovy-8397,954d7987-df52-4806-b77c-92e8ed047f0b,2024-04-16 18:39:31.522808+00,2024-04-16 18:39:31.522808+00,,41,100
f16a2d73-b945-4f93-8d2f-9ab2fbfac164,silly-beaver-3502,954d7987-df52-4806-b77c-92e8ed047f0b,2023-09-19 15:06:35.737949+00,2023-09-19 15:06:35.737949+00,,61,55
ef612f02-dd20-4f27-ba3c-f1f9f66cad69,happy-flamingo-2528,954d7987-df52-4806-b77c-92e8ed047f0b,2024-02-05 16:32:20.887489+00,2024-02-05 16:32:20.887489+00,,35,65
42d02804-8bf5-42b7-9b76-f7b3e825a417,nice-kangaroo-8926,954d7987-df52-4806-b77c-92e8ed047f0b,2022-12-24 11:25:44.052203+00,2022-12-24 11:25:44.052203+00,,83,48
bd279134-12ef-460f-b45f-cd70dff8cfc7,silly-jaguar-9181,954d7987-df52-4806-b77c-92e8ed047f0b,2024-06-15 17:02:29.941598+00,2024-06-15 17:02:29.941598+00,,91,31
39bbc7fb-3c10-456c-b2e4-670a71b8a08e,lively-kangaroo-2511,b5af431c-5d58-4c8c-b8bc-04c936729a7a,2024-10-10 22:14:14.860935+00,2024-10-10 22:14:14.860935+00,,14,38
348f0559-b1b8-4055-81df-a3fcefab2f51,jolly-dolphin-7594,b5af431c-5d58-4c8c-b8bc-04c936729a7a,2024-10-19 17:24:07.209658+00,2024-10-19 17:24:07.209658+00,,13,95
e0e3f86a-eb96-4a8d-89f5-e07a80e9fdc1,eager-elephant-8315,b5af431c-5d58-4c8c-b8bc-04c936729a7a,2023-07-27 14:09:27.941727+00,2023-07-27 14:09:27.941727+00,,89,31
d3af520c-08ec-43e6-954b-7419dbac5fa9,happy-platypus-8729,b5af431c-5d58-4c8c-b8bc-04c936729a7a,2023-08-29 08:27:37.46856+00,2023-08-29 08:27:37.46856+00,2024-07-30 16:22:33.911832+00,57,3
126a64b3-cc8a-4a42-af3f-46e911e24bdf,proud-iguana-2975,b5af431c-5d58-4c8c-b8bc-04c936729a7a,2024-03-27 05:02:56.741625+00,2024-03-27 05:02:56.741625+00,,75,89
ac705221-1da2-47ea-b9e9-6475270a96c4,gentle-beaver-9712,b5af431c-5d58-4c8c-b8bc-04c936729a7a,2024-09-03 18:08:52.943143+00,2024-09-03 18:08:52.943143+00,,71,32
7bd7ef6f-b135-4acc-aabe-1938775d519f,lively-kangaroo-5716,b5af431c-5d58-4c8c-b8bc-04c936729a7a,2023-09-12 10:52:00.249536+00,2023-09-12 10:52:00.249536+00,,59,76
5a6e2149-1dc8-47b2-b59d-e37e645d3526,witty-elephant-9435,e81bcc27-773f-4181-be79-aeeac5eb20d4,2024-07-28 00:37:24.266384+00,2024-07-28 00:37:24.266384+00,2024-10-14 14:31:08.108788+00,19,65
f865cc2a-a8bb-4acf-b13b-e9d8ff417ca1,witty-aardvark-5709,e81bcc27-773f-4181-be79-aeeac5eb20d4,2024-03-09 16:01:11.988634+00,2024-03-09 16:01:11.988634+00,,26,89
b6e8c4d2-f047-4341-b6a9-071ec58f3d6a,nice-flamingo-8222,e81bcc27-773f-4181-be79-aeeac5eb20d4,2024-01-03 07:46:00.344897+00,2024-01-03 07:46:00.344897+00,,48,8
d144be6a-deed-4944-bbdf-1eeda76186a7,nice-jaguar-5710,e81bcc27-773f-4181-be79-aeeac5eb20d4,2024-02-18 07:17:13.617341+00,2024-02-18 07:17:13.617341+00,,68,5
3f7c09a4-9b4b-457c-9033-38a20041edf4,silly-aardvark-8951,e81bcc27-773f-4181-be79-aeeac5eb20d4,2024-04-06 15:19:52.455186+00,2024-04-06 15:19:52.455186+00,2024-07-07 14:42:54.880092+00,59,42
fa4e9aa4-12d8-49cf-8cfc-ab97652d72c3,game-elephant-4059,b541aae1-1c1b-4208-8f6f-0f8ca963ce03,2023-02-02 15:57:49.859756+00,2023-02-02 15:57:49.859756+00,,76,67
f3d326f3-2921-47aa-8cf4-4bb062b8bbfb,brave-beaver-9887,b541aae1-1c1b-4208-8f6f-0f8ca963ce03,2023-07-27 12:50:50.987665+00,2023-07-27 12:50:50.987665+00,,22,94
c73d401f-1052-46a2-8664-ed6702071d50,game-flamingo-2909,b541aae1-1c1b-4208-8f6f-0f8ca963ce03,2023-05-13 00:23:44.056239+00,2023-05-13 00:23:44.056239+00,,72,14
d77c6a26-e3d4-4613-ae61-e494f1b16450,sweet-hedgehog-5168,b541aae1-1c1b-4208-8f6f-0f8ca963ce03,2022-11-13 04:53:32.381459+00,2022-11-13 04:53:32.381459+00,,71,32
b7707c70-cac8-4635-9fbc-dac978949248,faithful-chameleon-3534,b541aae1-1c1b-4208-8f6f-0f8ca963ce03,2023-05-05 20:51:46.276083+00,2023-05-05 20:51:46.276083+00,2024-04-08 19:18:35.011807+00,45,80
85b8ea4f-c2eb-4d87-89be-9ec788891ab1,nice-hedgehog-1644,b541aae1-1c1b-4208-8f6f-0f8ca963ce03,2024-01-07 08:44:19.227065+00,2024-01-07 08:44:19.227065+00,,80,22
c9bb14e7-297d-4e26-941d-9cf259e5d945,brave-pelican-8991,b541aae1-1c1b-4208-8f6f-0f8ca963ce03,2024-02-12 09:33:05.496597+00,2024-02-12 09:33:05.496597+00,,70,29
ab59295a-2f7e-4077-9dc1-42bf6c531105,brave-pelican-3536,124de5a6-d6bd-40af-b309-46fd38e681a9,2024-08-23 18:44:05.77727+00,2024-08-23 18:44:05.77727+00,,51,70
5bf9c06d-4533-4667-bc17-e9a978a05505,lively-giraffe-3892,124de5a6-d6bd-40af-b309-46fd38e681a9,2024-05-18 23:45:07.074179+00,2024-05-18 23:45:07.074179+00,,18,23
5cc187d2-6d30-4ff9-a789-ab5f2ac1b362,witty-dolphin-9469,124de5a6-d6bd-40af-b309-46fd38e681a9,2024-03-24 09:33:34.873183+00,2024-03-24 09:33:34.873183+00,,59,35
e09ba58f-1152-4015-859b-b3be1a63b8d6,calm-platypus-8262,124de5a6-d6bd-40af-b309-46fd38e681a9,2024-08-01 05:49:54.163638+00,2024-08-01 05:49:54.163638+00,,95,96
7a8de0f4-bd2a-4889-9ba9-a4d847fbf993,witty-beaver-3328,124de5a6-d6bd-40af-b309-46fd38e681a9,2023-09-30 15:28:39.254474+00,2023-09-30 15:28:39.254474+00,,30,82
8187e637-1abf-4bfb-8556-ea785f3d5c35,lively-aardvark-2533,124de5a6-d6bd-40af-b309-46fd38e681a9,2023-12-10 08:09:26.031401+00,2023-12-10 08:09:26.031401+00,,76,60
44ce000f-820c-49dd-bff3-0590ae63c947,silly-iguana-4915,11cd26c7-a52d-42a1-89cf-a75337a4c410,2024-02-18 23:15:01.99599+00,2024-02-18 23:15:01.99599+00,,36,1
84a7beec-291d-4fde-985e-f6e8819fe68d,witty-anchovy-2819,11cd26c7-a52d-42a1-89cf-a75337a4c410,2024-06-07 16:44:57.322795+00,2024-06-07 16:44:57.322795+00,,57,75
c525bdc5-7a5e-4b0f-a010-16edbc0ffca5,faithful-aardvark-1403,11cd26c7-a52d-42a1-89cf-a75337a4c410,2024-06-21 20:54:10.449051+00,2024-06-21 20:54:10.449051+00,,73,8
d6a28fdf-6183-4a14-9579-de2c1f0e4593,silly-pelican-5562,11cd26c7-a52d-42a1-89cf-a75337a4c410,2023-12-16 23:08:36.435914+00,2023-12-16 23:08:36.435914+00,,69,90
b2a85669-a986-4b2e-b0f9-feb7fc26fa96,brave-lemur-5795,11cd26c7-a52d-42a1-89cf-a75337a4c410,2023-12-19 11:42:44.425244+00,2023-12-19 11:42:44.425244+00,,44,91
48806de2-5610-47fb-b177-6efc38154908,game-iguana-3791,11cd26c7-a52d-42a1-89cf-a75337a4c410,2023-12-07 04:31:59.051473+00,2023-12-07 04:31:59.051473+00,,92,23
a8e078ef-61a1-4776-b4ef-958bcaaca51b,jolly-flamingo-4756,11cd26c7-a52d-42a1-89cf-a75337a4c410,2023-10-10 09:30:07.332449+00,2023-10-10 09:30:07.332449+00,,85,61
6014e158-da8b-4135-a09e-92e25fed6f83,silly-anchovy-9119,11cd26c7-a52d-42a1-89cf-a75337a4c410,2024-03-16 11:02:15.698797+00,2024-03-16 11:02:15.698797+00,,17,82
73d43e88-a7cf-4af3-b095-d25ffe531848,sweet-platypus-7602,11cd26c7-a52d-42a1-89cf-a75337a4c410,2023-03-08 06:04:07.779667+00,2023-03-08 06:04:07.779667+00,,77,72
7e587665-fd0c-45df-9fdb-364603c8279a,witty-giraffe-6629,11cd26c7-a52d-42a1-89cf-a75337a4c410,2023-05-14 11:57:59.412508+00,2023-05-14 11:57:59.412508+00,,84,70
4c5e83b0-efe4-4f17-90d3-df6dc73654b1,kind-jaguar-5056,cca3e189-65f8-4492-8d75-b0beb9ccb8d1,2024-09-24 01:03:09.06323+00,2024-09-24 01:03:09.06323+00,,13,6
90970f9f-e7b3-47c4-b9ae-c9ef4b81253e,proud-chameleon-2205,cca3e189-65f8-4492-8d75-b0beb9ccb8d1,2024-04-29 05:47:04.293455+00,2024-04-29 05:47:04.293455+00,,31,82
11e354d2-63de-4673-a0e5-cfa3aee8c232,eager-pelican-8348,48358b0e-9c29-4550-ad03-9d0fd633867a,2023-06-07 14:21:10.872302+00,2023-06-07 14:21:10.872302+00,,44,18
7a45d658-ea69-44d1-ad8c-755d335f38a3,proud-iguana-3083,48358b0e-9c29-4550-ad03-9d0fd633867a,2023-05-06 09:34:30.903657+00,2023-05-06 09:34:30.903657+00,,68,1
8a3cf3b4-c276-415e-a8a7-203ce94e5e7d,kind-elephant-8804,48358b0e-9c29-4550-ad03-9d0fd633867a,2024-04-10 19:37:13.516409+00,2024-04-10 19:37:13.516409+00,2024-05-25 03:15:38.461798+00,45,4
e073f2ed-1976-4627-bf06-6496bcfbb780,lively-aardvark-8744,48358b0e-9c29-4550-ad03-9d0fd633867a,2022-12-15 22:23:24.196232+00,2022-12-15 22:23:24.196232+00,,14,7
502b01f0-6ff0-41e3-ba0e-935c3fbde6ec,eager-aardvark-2656,48358b0e-9c29-4550-ad03-9d0fd633867a,2024-05-22 08:21:56.074485+00,2024-05-22 08:21:56.074485+00,,82,35
5ed20eb2-4b16-422e-95ea-e2357378a2fa,witty-dolphin-5116,48358b0e-9c29-4550-ad03-9d0fd633867a,2024-03-07 21:38:41.669498+00,2024-03-07 21:38:41.669498+00,,60,96
7fd678c5-6e95-4306-8d6d-3091e8dab32c,silly-anchovy-2994,48358b0e-9c29-4550-ad03-9d0fd633867a,2023-05-21 16:29:52.609934+00,2023-05-21 16:29:52.609934+00,,57,75
3c20f72c-601b-4086-9d4a-e5659b1643c5,jolly-flamingo-9213,48358b0e-9c29-4550-ad03-9d0fd633867a,2023-07-20 07:04:39.265683+00,2023-07-20 07:04:39.265683+00,,53,94
cad49a1b-3a76-45f5-8d9d-bbe8687c1f30,sweet-aardvark-3601,be80531e-4953-4052-9b9d-cddbbfa5158c,2023-01-03 02:19:12.385626+00,2023-01-03 02:19:12.385626+00,,18,95
1fc99d25-3ed7-4ea8-8fe3-becd95553b27,lively-beaver-5997,be80531e-4953-4052-9b9d-cddbbfa5158c,2023-09-08 10:39:15.313151+00,2023-09-08 10:39:15.313151+00,,46,51
baa422a8-2486-48b4-994a-e8f492672b43,lively-aardvark-5908,6ee8574d-eb2b-4fbc-96cb-c2d0c80d6fe8,2024-09-20 15:44:08.168923+00,2024-09-20 15:44:08.168923+00,,91,92
efb8b9b6-67c2-45b8-90a7-2c1646d5ffc9,lively-giraffe-7478,6ee8574d-eb2b-4fbc-96cb-c2d0c80d6fe8,2024-02-28 19:06:58.126707+00,2024-02-28 19:06:58.126707+00,,76,59
a323acd8-6a14-4669-91e2-b99b3811f841,kind-flamingo-1516,6ee8574d-eb2b-4fbc-96cb-c2d0c80d6fe8,2024-04-17 21:51:01.126959+00,2024-04-17 21:51:01.126959+00,,8,33
39651dd9-5453-440c-80ef-a9845836205b,proud-jaguar-5559,6ee8574d-eb2b-4fbc-96cb-c2d0c80d6fe8,2022-12-15 08:17:30.740161+00,2022-12-15 08:17:30.740161+00,,89,54
ae6e46cc-bef0-46fd-8576-efb93256bfb4,lively-jaguar-3204,6ee8574d-eb2b-4fbc-96cb-c2d0c80d6fe8,2024-09-24 02:26:24.921578+00,2024-09-24 02:26:24.921578+00,,44,45
2be969a8-9801-4ac7-9e1a-f67fb45256c2,sweet-flamingo-3870,6ee8574d-eb2b-4fbc-96cb-c2d0c80d6fe8,2024-01-16 20:49:15.239006+00,2024-01-16 20:49:15.239006+00,,67,30
11a71eef-6a3d-4341-81bf-4635be7f5d62,game-dolphin-8855,6ee8574d-eb2b-4fbc-96cb-c2d0c80d6fe8,2024-05-10 21:12:06.639137+00,2024-05-10 21:12:06.639137+00,,27,5
0deeef66-7aa0-4bd4-829f-5297630197ef,eager-giraffe-9822,6ee8574d-eb2b-4fbc-96cb-c2d0c80d6fe8,2023-04-17 11:26:47.074106+00,2023-04-17 11:26:47.074106+00,,61,84
f8e8ceea-5082-483e-9bc0-d63c0646013f,gentle-elephant-7705,6ee8574d-eb2b-4fbc-96cb-c2d0c80d6fe8,2024-04-22 20:20:58.952887+00,2024-04-22 20:20:58.952887+00,,62,80
61614a29-cbf8-4c01-8f13-8d8f453d50e6,happy-dolphin-8296,1e7800b2-b80c-47f4-a872-99acf506601b,2023-04-25 08:27:34.129392+00,2023-04-25 08:27:34.129392+00,,58,80
264058de-c598-4a70-9ba0-3bfe845ccc17,happy-anchovy-6156,1e7800b2-b80c-47f4-a872-99acf506601b,2023-06-12 06:59:19.478904+00,2023-06-12 06:59:19.478904+00,,37,81
ab4c6028-0124-45f5-955c-5c13a70e3691,calm-hedgehog-7886,1e7800b2-b80c-47f4-a872-99acf506601b,2022-11-21 19:27:30.723305+00,2022-11-21 19:27:30.723305+00,,40,92
4c3766e7-62a6-48a1-9bf1-33b303853422,calm-iguana-6395,1e7800b2-b80c-47f4-a872-99acf506601b,2023-11-09 03:00:37.671382+00,2023-11-09 03:00:37.671382+00,,41,89
7d108550-7aaa-475e-854c-e2ea7b1189d6,calm-jaguar-5243,1e7800b2-b80c-47f4-a872-99acf506601b,2024-10-11 19:18:32.097801+00,2024-10-11 19:18:32.097801+00,,38,87
1b7d0244-971d-4e2f-a331-97b79a77193e,nice-hedgehog-8734,1e7800b2-b80c-47f4-a872-99acf506601b,2023-11-29 03:48:37.381518+00,2023-11-29 03:48:37.381518+00,,79,1
4063ccfb-831c-4960-a0ef-3ee2af456085,witty-aardvark-6567,1e7800b2-b80c-47f4-a872-99acf506601b,2023-07-15 10:27:02.685827+00,2023-07-15 10:27:02.685827+00,,52,76
50d23cf4-62ba-4847-bea7-9f1b85801eac,jolly-kangaroo-7172,1e7800b2-b80c-47f4-a872-99acf506601b,2023-11-01 12:14:45.027991+00,2023-11-01 12:14:45.027991+00,,63,78
6fb42178-7853-4f6a-8d33-1bf0a8268cb9,brave-aardvark-1849,1e7800b2-b80c-47f4-a872-99acf506601b,2023-11-28 18:50:43.727165+00,2023-11-28 18:50:43.727165+00,,35,51
5d00d929-d62e-4300-bbfb-9361ef19a6ea,nice-lemur-9347,44727eb0-f65f-42cf-a6a9-200d047273bb,2024-01-22 23:56:32.670394+00,2024-01-22 23:56:32.670394+00,,74,59
b8886881-1e87-44f5-acc7-5c572ae07000,game-hedgehog-9745,44727eb0-f65f-42cf-a6a9-200d047273bb,2024-01-14 21:45:24.233523+00,2024-01-14 21:45:24.233523+00,,23,2
b2b582a0-0496-477a-81a9-37a1b5ea92ef,proud-flamingo-3683,44727eb0-f65f-42cf-a6a9-200d047273bb,2023-11-21 10:36:23.743399+00,2023-11-21 10:36:23.743399+00,,61,34
596c839c-596b-4bfb-822a-0a6276b5d4ba,witty-lemur-9174,44727eb0-f65f-42cf-a6a9-200d047273bb,2024-04-14 20:57:03.590996+00,2024-04-14 20:57:03.590996+00,,9,65
969c0436-910c-4fae-aa6c-016850230172,eager-anchovy-9190,0a1a11c4-3a10-49d7-a4f4-a000191afd85,2023-10-25 03:49:19.480448+00,2023-10-25 03:49:19.480448+00,,11,82
dd53d77e-f3df-4039-b159-51f690f89408,nice-pelican-8058,0a1a11c4-3a10-49d7-a4f4-a000191afd85,2024-05-19 22:38:16.069181+00,2024-05-19 22:38:16.069181+00,,36,41
c65e7fc7-2901-4ab0-9291-7c1aea33a312,jolly-jaguar-3719,3b63f6f5-ee88-483c-972e-636ef0a0398d,2024-01-28 13:50:32.343985+00,2024-01-28 13:50:32.343985+00,2024-03-04 02:40:36.377405+00,41,78
72164751-288c-425c-940c-589ad71795c2,proud-platypus-2093,3b63f6f5-ee88-483c-972e-636ef0a0398d,2024-01-30 08:14:01.381495+00,2024-01-30 08:14:01.381495+00,,78,63
24096cec-f83c-4722-8a26-29d8bc9c7cda,jolly-chameleon-2605,3b63f6f5-ee88-483c-972e-636ef0a0398d,2022-11-23 21:18:09.688488+00,2022-11-23 21:18:09.688488+00,,32,67
9d5723e4-97d9-42ac-98e3-05a5fce32e20,happy-elephant-9291,34007d1e-1171-4ac6-9d48-2fb6fa51468f,2024-02-19 00:50:03.105669+00,2024-02-19 00:50:03.105669+00,,90,31
4196ba03-1813-4711-b49e-5fe112714afa,witty-beaver-9941,34007d1e-1171-4ac6-9d48-2fb6fa51468f,2023-02-14 14:47:00.885293+00,2023-02-14 14:47:00.885293+00,,77,71
e45fb9ca-5b2e-4284-8554-0294ffe65eb5,witty-dolphin-9514,34007d1e-1171-4ac6-9d48-2fb6fa51468f,2023-08-10 21:50:33.900086+00,2023-08-10 21:50:33.900086+00,,33,60
3870bc1a-eab5-426a-bae5-be4cf90fca82,witty-dolphin-5875,34007d1e-1171-4ac6-9d48-2fb6fa51468f,2022-12-07 20:58:07.377892+00,2022-12-07 20:58:07.377892+00,,12,80
d8929db2-4c11-4ad6-be58-4a8b58833b16,jolly-chameleon-9822,34007d1e-1171-4ac6-9d48-2fb6fa51468f,2024-08-14 21:11:06.535943+00,2024-08-14 21:11:06.535943+00,,13,27
5e438105-c5e8-4ac1-a7bc-05799249fed5,calm-hedgehog-3111,34007d1e-1171-4ac6-9d48-2fb6fa51468f,2024-08-24 20:26:46.601013+00,2024-08-24 20:26:46.601013+00,,77,29
7e0d7072-c7f0-4983-b8e8-55b73ba36b7a,faithful-platypus-6824,bfedaaae-e731-479d-ad60-2599d6cd6ea8,2023-05-03 02:58:55.360295+00,2023-05-03 02:58:55.360295+00,,11,98
3f5da803-3611-4f8e-b4bc-8d7cabd5dc27,sweet-pelican-1679,bfedaaae-e731-479d-ad60-2599d6cd6ea8,2023-07-11 13:05:33.756396+00,2023-07-11 13:05:33.756396+00,,19,31
c8c1337d-1cb8-4df2-952c-4c44f27a1081,jolly-hedgehog-4507,bfedaaae-e731-479d-ad60-2599d6cd6ea8,2023-12-07 15:32:28.149504+00,2023-12-07 15:32:28.149504+00,,13,12
ef81872d-1bd0-436e-9fab-4f301936922f,gentle-aardvark-4705,bfedaaae-e731-479d-ad60-2599d6cd6ea8,2024-02-05 14:28:29.279234+00,2024-02-05 14:28:29.279234+00,,57,62
f934b5a7-ec11-4273-b04f-3f39a2927851,brave-elephant-9293,bfedaaae-e731-479d-ad60-2599d6cd6ea8,2024-06-01 21:33:15.346465+00,2024-06-01 21:33:15.346465+00,,17,4
5e7336ea-1b74-41e4-b775-0720ffad60e0,game-beaver-8945,bfedaaae-e731-479d-ad60-2599d6cd6ea8,2024-06-22 16:11:21.040043+00,2024-06-22 16:11:21.040043+00,,28,10
981cc66a-9d2b-4642-a72e-7fbcc7806580,proud-iguana-5252,bfedaaae-e731-479d-ad60-2599d6cd6ea8,2024-03-06 18:50:20.448565+00,2024-03-06 18:50:20.448565+00,,42,55
a7d0f60d-fb1e-4cdc-a234-a87606027406,silly-platypus-7395,662de472-5d38-490b-8cb8-0249881265e3,2023-12-04 01:20:10.940163+00,2023-12-04 01:20:10.940163+00,,27,45
40f29d8e-664d-4d97-86e0-d90e9e72ced3,sweet-hedgehog-5053,662de472-5d38-490b-8cb8-0249881265e3,2024-01-23 22:00:35.84236+00,2024-01-23 22:00:35.84236+00,,79,97
4ceda048-9b9f-4e22-bd4e-8290849299ce,silly-giraffe-5917,662de472-5d38-490b-8cb8-0249881265e3,2024-10-15 08:21:15.092501+00,2024-10-15 08:21:15.092501+00,,4,95
ef20e940-2af9-49c9-b459-30cef19ccf57,calm-chameleon-2807,662de472-5d38-490b-8cb8-0249881265e3,2023-01-30 18:27:07.951666+00,2023-01-30 18:27:07.951666+00,,96,47
9990f963-86b6-4890-a30a-b3ab008b03bc,nice-kangaroo-8364,662de472-5d38-490b-8cb8-0249881265e3,2023-08-04 22:27:11.830482+00,2023-08-04 22:27:11.830482+00,,28,50
3ac2c4a2-4925-4398-a96e-3e43524d3b11,nice-iguana-5013,e2908983-1bbb-46be-9af2-e5770441b6a4,2024-02-10 01:44:00.605748+00,2024-02-10 01:44:00.605748+00,2024-10-07 06:12:46.202796+00,91,95
e5bf7848-9f7c-40d4-845d-b356a30dab8f,kind-flamingo-5171,e2908983-1bbb-46be-9af2-e5770441b6a4,2023-05-04 19:57:54.97732+00,2023-05-04 19:57:54.97732+00,,24,65
2894c67e-8c2b-4df0-8605-435e62598193,witty-platypus-8884,e2908983-1bbb-46be-9af2-e5770441b6a4,2023-05-18 05:40:07.990784+00,2023-05-18 05:40:07.990784+00,,7,56
86f2876b-3f20-452b-a8ff-a4f8be854df0,witty-platypus-7664,e2908983-1bbb-46be-9af2-e5770441b6a4,2024-08-01 18:18:20.234882+00,2024-08-01 18:18:20.234882+00,,69,97
4ef71fa3-578a-480b-8ba4-3e93f1d25600,sweet-aardvark-3451,e2908983-1bbb-46be-9af2-e5770441b6a4,2023-09-25 01:29:20.786875+00,2023-09-25 01:29:20.786875+00,,78,97
2363490e-3e84-4714-b2ed-5a72ef67bb7b,calm-jaguar-8756,e2908983-1bbb-46be-9af2-e5770441b6a4,2024-10-23 10:04:47.465391+00,2024-10-23 10:04:47.465391+00,,1,19
8d5e32a2-54c3-4119-962e-04be8250723e,calm-aardvark-2107,e2908983-1bbb-46be-9af2-e5770441b6a4,2024-04-23 17:50:47.717618+00,2024-04-23 17:50:47.717618+00,,0,85
f0a79c42-934c-41ca-a281-41d990854a21,jolly-giraffe-5694,e2908983-1bbb-46be-9af2-e5770441b6a4,2022-11-22 10:42:13.152659+00,2022-11-22 10:42:13.152659+00,,0,83
d591535d-8637-40ef-b6e8-1954921b7783,game-flamingo-3453,e2908983-1bbb-46be-9af2-e5770441b6a4,2024-02-16 08:00:41.878505+00,2024-02-16 08:00:41.878505+00,,89,92
784c7fb5-92f8-4b2f-94e9-bf25307b1005,game-kangaroo-5731,d2a79b3a-caaa-4b3e-a381-6cb46767c6d4,2023-10-04 09:38:56.053391+00,2023-10-04 09:38:56.053391+00,,21,23
017a2b38-caa7-47ce-8357-c0d8e7bfc017,silly-chameleon-1224,6b461aec-56d7-4883-87a6-b8211381423e,2023-12-13 14:41:12.889932+00,2023-12-13 14:41:12.889932+00,,23,90
5220c2fa-d25f-4258-a34f-db41ac147c94,game-giraffe-1995,6b461aec-56d7-4883-87a6-b8211381423e,2024-10-21 06:33:16.646896+00,2024-10-21 06:33:16.646896+00,,83,37
95db5ad0-5970-4432-8684-29b168b5a1d1,calm-jaguar-2827,6b461aec-56d7-4883-87a6-b8211381423e,2023-09-10 19:29:52.548886+00,2023-09-10 19:29:52.548886+00,,52,19
9dd88d4d-9a0c-47a5-a35f-4fdb29b0fe66,gentle-aardvark-1482,6b461aec-56d7-4883-87a6-b8211381423e,2023-12-08 04:38:19.556031+00,2023-12-08 04:38:19.556031+00,,4,12
58edd84f-2afd-4a43-8186-232116fdee63,witty-platypus-1480,6b461aec-56d7-4883-87a6-b8211381423e,2023-02-26 17:57:42.090903+00,2023-02-26 17:57:42.090903+00,,34,41
dd6874ff-9663-40af-8e9a-5ee4a672caca,lively-anchovy-3675,6b461aec-56d7-4883-87a6-b8211381423e,2023-04-10 13:56:15.648738+00,2023-04-10 13:56:15.648738+00,,9,7
a5e8ae5e-2031-48f6-ad44-f8da1a9e6f11,gentle-lemur-7560,6b461aec-56d7-4883-87a6-b8211381423e,2024-09-04 05:32:04.545872+00,2024-09-04 05:32:04.545872+00,,48,78
d18a7f57-2373-470d-a486-9eae3db40e51,nice-dolphin-7377,6b461aec-56d7-4883-87a6-b8211381423e,2023-05-18 09:49:33.016972+00,2023-05-18 09:49:33.016972+00,,50,5
ca01956f-abe6-44e8-90f2-4edfec68e8b0,happy-giraffe-5639,6b461aec-56d7-4883-87a6-b8211381423e,2023-06-25 05:44:06.46932+00,2023-06-25 05:44:06.46932+00,,55,49
fcff0f13-63b0-4325-9613-442ccf573aed,gentle-elephant-3192,de698566-d945-42cc-8322-ea8bed760423,2024-03-08 12:54:55.411008+00,2024-03-08 12:54:55.411008+00,,74,28
0a579c85-ff90-4754-8b83-62d4f47326dd,kind-anchovy-4082,de698566-d945-42cc-8322-ea8bed760423,2024-08-07 03:42:42.433624+00,2024-08-07 03:42:42.433624+00,,74,0
4e4c71e9-3442-4a54-ac12-281e2e182b47,happy-aardvark-3241,de698566-d945-42cc-8322-ea8bed760423,2024-10-15 02:42:48.823223+00,2024-10-15 02:42:48.823223+00,,13,39
dab80967-baf3-4f65-9254-8327ae612b79,kind-lemur-1289,de698566-d945-42cc-8322-ea8bed760423,2024-06-07 07:57:52.428219+00,2024-06-07 07:57:52.428219+00,,36,50
9c94c648-c577-457c-a85f-a220084af923,brave-dolphin-1902,de698566-d945-42cc-8322-ea8bed760423,2024-01-26 01:54:22.215314+00,2024-01-26 01:54:22.215314+00,,53,39
a0925b1d-a050-4a51-98fa-64d36079170b,game-chameleon-9564,d1fba6e1-679a-46df-97d9-bad78d83afcf,2024-05-12 17:07:00.292873+00,2024-05-12 17:07:00.292873+00,,85,72
7a60b69d-3eab-418a-971d-9165be6a256f,lively-kangaroo-2441,d1fba6e1-679a-46df-97d9-bad78d83afcf,2023-07-24 17:33:27.248358+00,2023-07-24 17:33:27.248358+00,,68,14
310207c9-c3b7-4ce6-b176-8a6d95730437,happy-beaver-2217,d1fba6e1-679a-46df-97d9-bad78d83afcf,2023-07-17 13:29:24.689676+00,2023-07-17 13:29:24.689676+00,,94,36
6cb4e34f-c165-45fa-ba1d-5b5fb2257124,witty-hedgehog-7496,d1fba6e1-679a-46df-97d9-bad78d83afcf,2023-06-14 23:32:24.293024+00,2023-06-14 23:32:24.293024+00,,77,16
b2e2c137-1476-45af-abdf-cfb1dd2fb918,lively-chameleon-8643,d1fba6e1-679a-46df-97d9-bad78d83afcf,2023-01-23 08:01:01.105612+00,2023-01-23 08:01:01.105612+00,2023-07-02 14:03:01.66039+00,59,69
75884df9-745c-4bad-8507-6825ace44c23,witty-hedgehog-1379,d1fba6e1-679a-46df-97d9-bad78d83afcf,2024-02-19 20:28:13.881859+00,2024-02-19 20:28:13.881859+00,,73,25
49648cf3-ca6b-4e92-ba30-f6b31483af3d,lively-chameleon-4644,d1fba6e1-679a-46df-97d9-bad78d83afcf,2024-03-31 04:06:20.045909+00,2024-03-31 04:06:20.045909+00,,3,82
44bdc45d-0342-4a53-9f93-f2b9b0db50a2,happy-anchovy-2026,d1fba6e1-679a-46df-97d9-bad78d83afcf,2023-02-16 12:04:58.795138+00,2023-02-16 12:04:58.795138+00,,31,41
62edd6ef-e67c-4a4e-96cb-32e825f1523d,proud-lemur-3560,d1fba6e1-679a-46df-97d9-bad78d83afcf,2024-01-03 20:55:04.475538+00,2024-01-03 20:55:04.475538+00,,42,38
4d3bd2a6-072b-4a33-9c4d-697348534843,happy-pelican-4381,d1fba6e1-679a-46df-97d9-bad78d83afcf,2024-09-20 05:06:12.570215+00,2024-09-20 05:06:12.570215+00,,79,67
d350c42b-af42-4eb7-8c8c-a71f4964ba21,silly-anchovy-4287,d9671ffc-6b58-417c-a115-97994b4ab15f,2023-09-05 09:19:53.14257+00,2023-09-05 09:19:53.14257+00,,3,99
a80f6596-37d8-4d22-9590-bb68447d4311,silly-flamingo-7768,ad581144-f1e9-427d-bf53-524233410256,2023-02-19 17:10:42.127319+00,2023-02-19 17:10:42.127319+00,,93,28
32acb479-5b64-4fef-ac7a-082087ead06b,happy-pelican-1396,ad581144-f1e9-427d-bf53-524233410256,2023-12-19 22:08:45.691045+00,2023-12-19 22:08:45.691045+00,,84,21
010ce66c-89a4-4778-8029-fa43bc890d7a,nice-chameleon-3351,ad581144-f1e9-427d-bf53-524233410256,2023-02-26 18:36:43.671772+00,2023-02-26 18:36:43.671772+00,,98,87
d87d378f-0bc0-45e8-bc58-cc5007e441fd,calm-chameleon-2684,ad581144-f1e9-427d-bf53-524233410256,2024-06-15 10:25:33.017276+00,2024-06-15 10:25:33.017276+00,,83,31
5389ca1d-543d-4d99-918e-b94fd7ea8f32,witty-chameleon-5863,ad581144-f1e9-427d-bf53-524233410256,2024-09-03 10:35:47.710288+00,2024-09-03 10:35:47.710288+00,,87,99
cb9e7c7b-5e73-4ecc-bb2e-fb74bc54ffe3,brave-jaguar-7745,ad581144-f1e9-427d-bf53-524233410256,2023-07-04 18:19:14.716729+00,2023-07-04 18:19:14.716729+00,,49,81
2529a8bf-24a0-4722-be76-51c1ed8b2077,lively-elephant-1108,ad581144-f1e9-427d-bf53-524233410256,2023-04-07 20:11:24.629716+00,2023-04-07 20:11:24.629716+00,,95,92
d4b9d544-3304-4b1c-b7a1-f839055df1af,nice-pelican-3002,ad581144-f1e9-427d-bf53-524233410256,2023-07-27 17:33:29.70016+00,2023-07-27 17:33:29.70016+00,2024-08-03 13:39:51.172861+00,37,35
d6b6f09d-4d3f-425c-9732-243e3cddc63c,calm-chameleon-6126,ad581144-f1e9-427d-bf53-524233410256,2023-03-04 05:55:29.0308+00,2023-03-04 05:55:29.0308+00,,87,100
82c260d8-68b0-4ffe-9876-3cdbed92c5d9,gentle-platypus-6666,d4b86c93-0d5b-4054-a926-dbf298ed0ed8,2024-03-30 15:19:22.973421+00,2024-03-30 15:19:22.973421+00,,75,61
73692392-603b-4c0a-b6d1-b5971fb8e91c,proud-elephant-1838,d4b86c93-0d5b-4054-a926-dbf298ed0ed8,2023-10-20 22:38:16.194174+00,2023-10-20 22:38:16.194174+00,,94,9
d679dc41-f7bc-46e0-83ff-c49d6ef12b2b,jolly-platypus-4390,d4b86c93-0d5b-4054-a926-dbf298ed0ed8,2023-06-30 20:06:55.061628+00,2023-06-30 20:06:55.061628+00,,88,3
23a10592-76fc-4d98-9601-a1c8d55aa04f,eager-platypus-6600,d4b86c93-0d5b-4054-a926-dbf298ed0ed8,2024-07-01 18:48:49.356238+00,2024-07-01 18:48:49.356238+00,,53,37
82dad151-fd59-4134-8ac1-74c0e10f82d2,proud-beaver-6460,d4b86c93-0d5b-4054-a926-dbf298ed0ed8,2024-01-01 23:14:00.026576+00,2024-01-01 23:14:00.026576+00,,83,37
c36d51f5-7dda-4cc7-80cc-bc2b9cfd7d73,calm-kangaroo-8288,d4b86c93-0d5b-4054-a926-dbf298ed0ed8,2023-12-19 22:49:22.284717+00,2023-12-19 22:49:22.284717+00,2024-08-22 10:54:33.474368+00,100,38
41dd34db-bb1a-4c61-815e-ae857ec93c2d,proud-dolphin-1615,d4b86c93-0d5b-4054-a926-dbf298ed0ed8,2023-03-18 03:10:51.607384+00,2023-03-18 03:10:51.607384+00,,32,39
65d28179-6590-4e8a-98c3-922370ee600e,sweet-jaguar-3424,d4b86c93-0d5b-4054-a926-dbf298ed0ed8,2023-07-09 23:54:44.682359+00,2023-07-09 23:54:44.682359+00,,23,86
e268ff7f-817d-4163-8bd1-3282d38a2ea3,nice-beaver-4734,45e3b2c3-6dd4-43b2-97c9-5b11641db679,2023-08-23 03:42:04.128055+00,2023-08-23 03:42:04.128055+00,,100,37
17cec367-12ab-42ad-95e8-15502416083d,silly-lemur-5895,45e3b2c3-6dd4-43b2-97c9-5b11641db679,2024-09-07 20:14:15.289468+00,2024-09-07 20:14:15.289468+00,,50,24
040d44c8-2aae-4ad3-b1d2-16498c5e3b1b,gentle-dolphin-9605,45e3b2c3-6dd4-43b2-97c9-5b11641db679,2024-04-11 15:57:39.015096+00,2024-04-11 15:57:39.015096+00,,2,68
912f2722-8b25-4bde-b432-e7e572469e77,jolly-kangaroo-7800,45e3b2c3-6dd4-43b2-97c9-5b11641db679,2023-08-04 14:10:24.294489+00,2023-08-04 14:10:24.294489+00,,52,100
8e24d9ff-778d-4892-986c-474ee2aca5a3,jolly-dolphin-3260,d273bb14-ce4e-4189-893b-7df04fea0de8,2024-01-18 01:21:01.149479+00,2024-01-18 01:21:01.149479+00,,0,46
86daa0ae-5e03-4ae7-955b-3ebbf38f8b79,faithful-beaver-6876,d273bb14-ce4e-4189-893b-7df04fea0de8,2023-09-29 23:08:00.338989+00,2023-09-29 23:08:00.338989+00,,44,40
8a410124-4c69-4196-ad96-9fd95829db52,calm-flamingo-5214,2e7442ae-358b-4eb6-b258-5d45f022f1bc,2024-04-01 17:15:15.479674+00,2024-04-01 17:15:15.479674+00,,43,54
b8b01d67-5c7b-4c2e-926f-0a2803c98e7e,faithful-kangaroo-5298,2e7442ae-358b-4eb6-b258-5d45f022f1bc,2022-11-07 22:16:34.962894+00,2022-11-07 22:16:34.962894+00,,67,84
f0640359-3fd3-4420-8b53-e3da978feb99,sweet-jaguar-9510,2e7442ae-358b-4eb6-b258-5d45f022f1bc,2023-12-19 06:15:28.303823+00,2023-12-19 06:15:28.303823+00,,20,99
cb4db763-4f9a-458d-aa5e-c3dd2bcb49c9,sweet-iguana-4701,2e7442ae-358b-4eb6-b258-5d45f022f1bc,2024-05-30 12:20:49.247726+00,2024-05-30 12:20:49.247726+00,,100,91
0a3de6d6-f155-43af-ab1c-3b8fc5d113e7,lively-hedgehog-3398,2e7442ae-358b-4eb6-b258-5d45f022f1bc,2023-11-16 20:55:39.268952+00,2023-11-16 20:55:39.268952+00,,33,16
2d1ff45d-c9f3-47d3-8c1d-aa9d3ec442da,faithful-aardvark-6894,2e7442ae-358b-4eb6-b258-5d45f022f1bc,2023-05-25 03:06:57.389986+00,2023-05-25 03:06:57.389986+00,,44,27
0660629f-e057-4737-acf7-9b0af1414840,kind-anchovy-7009,2e7442ae-358b-4eb6-b258-5d45f022f1bc,2024-04-19 21:03:46.982486+00,2024-04-19 21:03:46.982486+00,,48,90
6d0f8641-2e11-4923-b2cd-d4180969ee5e,brave-dolphin-5233,2e7442ae-358b-4eb6-b258-5d45f022f1bc,2024-02-01 03:23:34.427918+00,2024-02-01 03:23:34.427918+00,,63,91
68f0fb62-0fc0-4ec2-ba3c-e463dad55426,faithful-platypus-9178,b1bf0c56-7a16-450c-8123-d3b2d98f4b63,2024-10-04 04:12:05.844682+00,2024-10-04 04:12:05.844682+00,,92,88
57dbd3bd-8e6e-43dc-889b-95e25a2594a3,nice-hedgehog-4602,b1bf0c56-7a16-450c-8123-d3b2d98f4b63,2023-12-03 22:58:11.88257+00,2023-12-03 22:58:11.88257+00,,59,5
959249a5-6462-47e7-81db-28ed193f34b2,calm-jaguar-7731,b1bf0c56-7a16-450c-8123-d3b2d98f4b63,2024-04-28 10:13:13.10261+00,2024-04-28 10:13:13.10261+00,,99,52
2c558cef-6c80-407a-afb4-1fb9e3da02b8,jolly-dolphin-8021,b1bf0c56-7a16-450c-8123-d3b2d98f4b63,2024-06-25 21:42:02.032361+00,2024-06-25 21:42:02.032361+00,,44,36
93cfaa58-71ba-474b-a092-3fe400d9ac8d,sweet-pelican-1817,b1bf0c56-7a16-450c-8123-d3b2d98f4b63,2024-07-21 05:16:40.334407+00,2024-07-21 05:16:40.334407+00,,68,31
f9861d7f-5c40-4e4c-9817-1123f483544f,happy-iguana-6372,b1bf0c56-7a16-450c-8123-d3b2d98f4b63,2024-05-29 11:30:59.740678+00,2024-05-29 11:30:59.740678+00,,88,20
a7d76fd8-1493-4621-aa34-58da3b3385e2,kind-pelican-8552,b1bf0c56-7a16-450c-8123-d3b2d98f4b63,2022-12-17 09:01:01.182407+00,2022-12-17 09:01:01.182407+00,,92,6
bb949a8c-f231-497e-8450-7d8106f7604f,calm-giraffe-9533,b1bf0c56-7a16-450c-8123-d3b2d98f4b63,2023-01-22 01:29:20.459909+00,2023-01-22 01:29:20.459909+00,,97,13
38a62e93-ef05-453d-a4cc-46cb531eb6e6,game-elephant-7913,b1bf0c56-7a16-450c-8123-d3b2d98f4b63,2023-04-14 06:32:32.337471+00,2023-04-14 06:32:32.337471+00,,81,54
7444aad7-6cf6-4074-913c-c69ecc85f745,proud-giraffe-4505,c90727c7-87cd-4687-be9c-05a9f4f45075,2022-12-03 11:29:34.27597+00,2022-12-03 11:29:34.27597+00,,27,53
732089a4-3218-4fea-94ad-27394871a2bb,game-pelican-7443,c90727c7-87cd-4687-be9c-05a9f4f45075,2022-11-04 22:08:48.847597+00,2022-11-04 22:08:48.847597+00,2024-05-27 21:30:18.345309+00,27,75
170b4870-3c20-4223-9cec-479571e66a6c,calm-pelican-8494,080abba9-cbce-4473-8d8b-e866cb8467e4,2024-02-12 06:30:24.694848+00,2024-02-12 06:30:24.694848+00,,65,62
8ffe71d6-4d72-4bef-80dc-26e8793dd6c7,lively-anchovy-4025,080abba9-cbce-4473-8d8b-e866cb8467e4,2023-11-15 01:26:05.581433+00,2023-11-15 01:26:05.581433+00,,82,51
8816e63d-437a-4987-9b40-43c2cc1bf37c,calm-anchovy-7007,080abba9-cbce-4473-8d8b-e866cb8467e4,2022-11-19 17:38:03.780402+00,2022-11-19 17:38:03.780402+00,,97,41
b24912c6-6470-4f57-886b-15646f6f35f6,brave-platypus-5249,080abba9-cbce-4473-8d8b-e866cb8467e4,2024-03-13 20:47:50.196419+00,2024-03-13 20:47:50.196419+00,,22,46
eebf5ace-2650-4d97-b034-f3bc9d00563c,brave-chameleon-2097,080abba9-cbce-4473-8d8b-e866cb8467e4,2022-12-30 04:36:59.639477+00,2022-12-30 04:36:59.639477+00,2024-07-02 20:29:52.747522+00,66,74
217ee01e-5ae5-4c64-9049-7c46dce8026e,sweet-giraffe-8993,080abba9-cbce-4473-8d8b-e866cb8467e4,2023-06-08 02:17:08.583722+00,2023-06-08 02:17:08.583722+00,,81,10
7b9d4dc8-5032-45d2-b195-791d9a9459a7,gentle-chameleon-4560,080abba9-cbce-4473-8d8b-e866cb8467e4,2024-10-05 03:22:46.388018+00,2024-10-05 03:22:46.388018+00,,8,99
759641e6-2727-4b52-8964-05e77b64c8f2,silly-platypus-1791,080abba9-cbce-4473-8d8b-e866cb8467e4,2024-07-12 15:29:17.289877+00,2024-07-12 15:29:17.289877+00,,43,80
85e148da-45ab-4f71-acb4-c35e7709389b,eager-chameleon-1508,f34e96b4-981b-49f1-9275-c3be6e93d9bd,2023-02-25 15:19:58.789714+00,2023-02-25 15:19:58.789714+00,,84,11
93be16d4-8357-4b90-97af-7a942d2f7a68,gentle-platypus-4664,f34e96b4-981b-49f1-9275-c3be6e93d9bd,2023-05-11 21:29:05.867837+00,2023-05-11 21:29:05.867837+00,2024-02-29 18:31:48.292294+00,54,44
4ef68676-c48b-4b7e-bfa5-ca20cd1e13ce,witty-lemur-9097,f34e96b4-981b-49f1-9275-c3be6e93d9bd,2024-10-14 16:10:06.125949+00,2024-10-14 16:10:06.125949+00,2024-10-19 05:53:28.385869+00,39,55
2afc1861-bd8d-466b-b4e2-7c38fc942321,silly-elephant-5928,f34e96b4-981b-49f1-9275-c3be6e93d9bd,2024-02-29 03:06:25.933481+00,2024-02-29 03:06:25.933481+00,,3,60
d28b4eb8-88b4-40a7-a11c-52deb2847d68,game-anchovy-4979,f34e96b4-981b-49f1-9275-c3be6e93d9bd,2023-12-05 11:52:51.163035+00,2023-12-05 11:52:51.163035+00,,75,94
5ad3547b-6c7e-4f97-81c5-9128694651ec,brave-giraffe-7467,f34e96b4-981b-49f1-9275-c3be6e93d9bd,2022-12-24 03:26:48.145545+00,2022-12-24 03:26:48.145545+00,,15,88
1405949a-83a5-4e2f-bbdd-6b72366c61da,game-kangaroo-9425,f34e96b4-981b-49f1-9275-c3be6e93d9bd,2024-10-16 14:53:19.833999+00,2024-10-16 14:53:19.833999+00,,35,46
a762a8a2-7a49-4c7a-b224-c608f036fe4b,eager-aardvark-9090,f34e96b4-981b-49f1-9275-c3be6e93d9bd,2023-09-18 08:46:25.961853+00,2023-09-18 08:46:25.961853+00,,37,13
7a5fc977-c589-4c06-886b-fe31848ac042,faithful-iguana-7125,fd650d8f-b787-4d9c-a787-f25205bee7d3,2024-08-23 10:54:57.606171+00,2024-08-23 10:54:57.606171+00,,81,50
c90a7d53-b853-40ce-adb9-6ff4b92bc5fa,eager-elephant-1010,fd650d8f-b787-4d9c-a787-f25205bee7d3,2023-11-17 18:39:06.892215+00,2023-11-17 18:39:06.892215+00,,80,91
bac1574b-03cd-4c7c-b8d2-a2be1aa453c2,eager-anchovy-2360,fd650d8f-b787-4d9c-a787-f25205bee7d3,2024-03-22 02:40:01.351979+00,2024-03-22 02:40:01.351979+00,,46,22
f0cedc2a-e8d9-4d55-ad86-134973341b7c,kind-elephant-2936,fd650d8f-b787-4d9c-a787-f25205bee7d3,2024-09-06 10:30:33.884747+00,2024-09-06 10:30:33.884747+00,,64,78
4e0f6be8-ed9f-468d-b087-22971343b4b9,jolly-flamingo-2914,fd650d8f-b787-4d9c-a787-f25205bee7d3,2022-10-26 09:00:41.625067+00,2022-10-26 09:00:41.625067+00,,87,29
96282bbb-2f91-4d43-8dbe-2ce65f370e2e,brave-hedgehog-6594,fd650d8f-b787-4d9c-a787-f25205bee7d3,2022-10-30 23:27:43.196375+00,2022-10-30 23:27:43.196375+00,,31,51
5ef9b5be-60de-4195-b4bd-46591358a91c,lively-elephant-2946,fd650d8f-b787-4d9c-a787-f25205bee7d3,2022-12-05 16:12:37.581214+00,2022-12-05 16:12:37.581214+00,2024-09-05 03:55:44.140306+00,39,28
851bb2ac-d160-44ce-ab98-96eb4cb14949,happy-iguana-7209,fd650d8f-b787-4d9c-a787-f25205bee7d3,2023-02-05 05:39:58.662553+00,2023-02-05 05:39:58.662553+00,2024-05-24 10:36:35.503425+00,38,12
433267b9-7409-4954-b08a-7e9685d174c8,game-pelican-1608,fd650d8f-b787-4d9c-a787-f25205bee7d3,2022-12-02 00:08:48.471124+00,2022-12-02 00:08:48.471124+00,,13,49
57ebfd1b-90b3-4863-a1be-70c731515880,witty-chameleon-9782,fd650d8f-b787-4d9c-a787-f25205bee7d3,2022-12-06 00:55:24.116159+00,2022-12-06 00:55:24.116159+00,,97,76
db1b62ab-7734-4b1a-845d-fd144341f4c8,gentle-chameleon-8308,92394ff6-0578-4278-83f5-c29a52d64fcd,2023-09-17 01:28:28.617062+00,2023-09-17 01:28:28.617062+00,,60,44
7c5d7ea1-0ff0-4fed-821d-c0a80a9b7513,faithful-iguana-6235,92394ff6-0578-4278-83f5-c29a52d64fcd,2023-03-18 01:49:34.612161+00,2023-03-18 01:49:34.612161+00,,66,29
745c164a-4ee5-4557-bea6-008c27da907b,eager-jaguar-3930,92394ff6-0578-4278-83f5-c29a52d64fcd,2023-03-01 16:05:29.054411+00,2023-03-01 16:05:29.054411+00,,50,64
b54da4dd-03c0-4ccf-a759-8610a1c95b47,game-kangaroo-7514,92394ff6-0578-4278-83f5-c29a52d64fcd,2023-09-18 08:25:35.817235+00,2023-09-18 08:25:35.817235+00,,94,25
c58479e2-189a-4f7d-8427-4787e6b8b47c,game-elephant-9928,92394ff6-0578-4278-83f5-c29a52d64fcd,2024-08-26 13:27:45.6076+00,2024-08-26 13:27:45.6076+00,,55,51
765fc222-3c1b-41c1-aeb3-7573e7bc08ff,proud-hedgehog-5671,92394ff6-0578-4278-83f5-c29a52d64fcd,2023-08-09 01:34:00.104559+00,2023-08-09 01:34:00.104559+00,,2,93
4bb2f929-5bda-4e7f-a41d-e077a26d9db8,gentle-elephant-9003,e3b01388-c1b2-47ef-b66a-5c6aa25797a5,2023-12-05 12:53:29.705992+00,2023-12-05 12:53:29.705992+00,,77,100
19b78233-3420-4e4e-b5b2-d7b2b033d66c,game-kangaroo-2911,e3b01388-c1b2-47ef-b66a-5c6aa25797a5,2024-09-30 14:21:21.965386+00,2024-09-30 14:21:21.965386+00,,73,14
435011cd-8d32-4728-a57d-9c14267a0988,brave-anchovy-9089,e3b01388-c1b2-47ef-b66a-5c6aa25797a5,2024-08-16 10:54:39.144242+00,2024-08-16 10:54:39.144242+00,,71,7
acf2ac2f-c091-4f0d-a23c-9f0f01ee963d,gentle-aardvark-8829,e3b01388-c1b2-47ef-b66a-5c6aa25797a5,2023-05-03 17:27:03.29497+00,2023-05-03 17:27:03.29497+00,,41,35
191c9335-c85e-4c5d-a563-538c8cff5c53,lively-lemur-8415,e3b01388-c1b2-47ef-b66a-5c6aa25797a5,2022-12-19 18:11:00.777171+00,2022-12-19 18:11:00.777171+00,,77,90
8c6423b2-5cf9-48d0-a662-10d29dc93545,sweet-aardvark-4069,e3b01388-c1b2-47ef-b66a-5c6aa25797a5,2024-06-24 23:41:49.651606+00,2024-06-24 23:41:49.651606+00,,43,91
e7683c46-1f8a-434f-912e-23933f6a9e47,nice-lemur-8043,e3b01388-c1b2-47ef-b66a-5c6aa25797a5,2023-11-01 12:27:58.962176+00,2023-11-01 12:27:58.962176+00,,27,43
01725827-98c2-420d-979f-cb3438706f96,sweet-aardvark-2080,7f1fcd84-5cbb-49a7-910f-738a2caa4644,2024-04-09 12:34:16.505929+00,2024-04-09 12:34:16.505929+00,2024-07-08 09:29:09.107621+00,93,1
22d8f876-bdc7-45aa-b481-3864a70a6133,game-hedgehog-6976,7f1fcd84-5cbb-49a7-910f-738a2caa4644,2023-02-09 00:49:04.057135+00,2023-02-09 00:49:04.057135+00,,54,94
55d6da95-1492-4c9a-af48-efe5ca3dc2b2,faithful-chameleon-4802,7f1fcd84-5cbb-49a7-910f-738a2caa4644,2023-05-27 15:51:18.81239+00,2023-05-27 15:51:18.81239+00,,41,87
5c8011c9-17e1-4b6a-a33b-0c0dd6b787b8,calm-flamingo-9266,7f1fcd84-5cbb-49a7-910f-738a2caa4644,2024-05-26 16:37:33.599396+00,2024-05-26 16:37:33.599396+00,2024-09-11 10:29:54.580201+00,67,21
d6022200-a807-4eb3-84f0-d4b8edf2784f,jolly-pelican-8954,7f1fcd84-5cbb-49a7-910f-738a2caa4644,2023-03-29 11:37:53.833029+00,2023-03-29 11:37:53.833029+00,,56,26
4cb97dba-f6f7-4db6-bf54-04ef5311e717,proud-aardvark-2656,3d24de5a-7a44-45c9-9ed9-9c7b61176e3d,2022-11-14 07:08:57.513758+00,2022-11-14 07:08:57.513758+00,2023-11-05 06:30:56.066096+00,63,22
f96ccf36-cb4b-43b8-8607-6aa8dbfe1712,sweet-hedgehog-9223,16888ca0-1fe8-461d-b616-bd0a45941f2f,2024-06-26 22:48:06.050725+00,2024-06-26 22:48:06.050725+00,,74,97
20439298-0aa7-416c-aba2-59883b283dfd,gentle-flamingo-7898,16888ca0-1fe8-461d-b616-bd0a45941f2f,2023-05-08 17:22:28.099011+00,2023-05-08 17:22:28.099011+00,,45,72
9d3031c7-4c66-4375-bd95-a4582c4345f3,nice-platypus-1358,16888ca0-1fe8-461d-b616-bd0a45941f2f,2024-10-15 12:01:46.344286+00,2024-10-15 12:01:46.344286+00,2024-10-16 22:37:48.622401+00,61,26
74f65aa2-f7a4-4d95-80ba-184f7624b0bd,faithful-aardvark-1848,16888ca0-1fe8-461d-b616-bd0a45941f2f,2022-11-08 12:01:42.860726+00,2022-11-08 12:01:42.860726+00,,64,58
4749169a-4da1-4d19-b9d7-5a6453ff9e0a,sweet-iguana-8400,16888ca0-1fe8-461d-b616-bd0a45941f2f,2023-05-14 19:50:11.582517+00,2023-05-14 19:50:11.582517+00,,22,96
9ac6a3fc-22d9-4473-9711-21c7d1c3e1e5,proud-flamingo-3578,16888ca0-1fe8-461d-b616-bd0a45941f2f,2024-01-26 04:30:03.260977+00,2024-01-26 04:30:03.260977+00,,84,28
500d503b-b330-456a-8e7d-a5107b835b0c,gentle-hedgehog-5612,5bff8a13-88f3-41fd-b0dd-83ef1312a52a,2024-05-14 14:14:18.172478+00,2024-05-14 14:14:18.172478+00,,72,71
af26a61a-6632-4e94-b4b4-9eaf2741a4cc,eager-beaver-1438,5bff8a13-88f3-41fd-b0dd-83ef1312a52a,2023-12-12 09:59:47.648726+00,2023-12-12 09:59:47.648726+00,,64,25
4974d42b-7850-4f5e-8148-52711ef3da7c,lively-jaguar-1514,5bff8a13-88f3-41fd-b0dd-83ef1312a52a,2023-09-02 23:09:08.657658+00,2023-09-02 23:09:08.657658+00,2024-10-17 05:09:48.49797+00,65,76
e4fe7c08-7e6b-454e-8e75-c980f158329c,silly-jaguar-4655,5bff8a13-88f3-41fd-b0dd-83ef1312a52a,2023-03-12 02:30:10.735132+00,2023-03-12 02:30:10.735132+00,,80,73
5cc29777-0f55-41ba-b203-d080900a46b7,proud-elephant-4447,5bff8a13-88f3-41fd-b0dd-83ef1312a52a,2024-06-26 02:44:53.437385+00,2024-06-26 02:44:53.437385+00,,37,14
677fee68-f5f9-4bff-9f8c-1deccacc9000,proud-hedgehog-9829,5bff8a13-88f3-41fd-b0dd-83ef1312a52a,2024-10-14 17:09:04.486997+00,2024-10-14 17:09:04.486997+00,,2,93
404f3d44-07d5-4485-804e-d6cd47c35348,proud-jaguar-4192,5bff8a13-88f3-41fd-b0dd-83ef1312a52a,2023-06-16 15:50:48.189802+00,2023-06-16 15:50:48.189802+00,,13,49
ee0eb384-16fe-443b-8ccc-f6a3a0d97a8d,lively-giraffe-4286,5bff8a13-88f3-41fd-b0dd-83ef1312a52a,2024-08-26 19:17:25.159421+00,2024-08-26 19:17:25.159421+00,,2,16
b0ad041c-837e-44dd-bc7a-76240a885ac0,nice-chameleon-5297,50b84f0a-ca2b-4006-916f-8be62ae636f0,2023-03-22 10:26:38.430764+00,2023-03-22 10:26:38.430764+00,2024-04-12 04:35:45.017956+00,85,96
893cb1e7-70ae-4195-96d0-29d7dc5f3865,happy-iguana-7508,50b84f0a-ca2b-4006-916f-8be62ae636f0,2022-12-08 11:14:52.109756+00,2022-12-08 11:14:52.109756+00,,52,1
72d94cba-ddd2-4cfd-b292-bb3a627250db,jolly-chameleon-9586,50b84f0a-ca2b-4006-916f-8be62ae636f0,2024-05-03 17:25:54.424977+00,2024-05-03 17:25:54.424977+00,,45,4
5f2ef103-d39e-4f72-b971-421c9569302d,eager-jaguar-1366,50b84f0a-ca2b-4006-916f-8be62ae636f0,2024-09-18 17:00:46.564281+00,2024-09-18 17:00:46.564281+00,,74,4
2a9f20ff-647f-46c7-9b39-249b47c8ef22,gentle-iguana-5714,50b84f0a-ca2b-4006-916f-8be62ae636f0,2023-01-15 09:03:00.259916+00,2023-01-15 09:03:00.259916+00,,75,85
06289853-2f87-4318-a3da-f6d0d120a977,brave-dolphin-9294,50b84f0a-ca2b-4006-916f-8be62ae636f0,2024-06-29 23:49:26.453515+00,2024-06-29 23:49:26.453515+00,,84,29
d07aa093-9742-407d-9783-2f15c1090b0a,calm-aardvark-7148,50b84f0a-ca2b-4006-916f-8be62ae636f0,2024-05-09 08:44:36.541098+00,2024-05-09 08:44:36.541098+00,,2,45
96b1e022-0e9a-49c9-b6e7-d2f8ac70df15,jolly-platypus-8426,5c8cdafa-4e5f-4181-9e88-1b77d6d8e553,2023-06-01 08:38:43.395936+00,2023-06-01 08:38:43.395936+00,,16,1
e6cd6025-628d-48d9-aa3f-7e3b91a7082a,gentle-chameleon-4194,87c88305-bbe8-4e7a-96ee-60ab6005f957,2022-12-11 13:16:33.519673+00,2022-12-11 13:16:33.519673+00,,62,49
639c1b17-ab12-43c1-a6be-ec9e78164cc7,brave-chameleon-7748,87c88305-bbe8-4e7a-96ee-60ab6005f957,2022-10-30 05:47:08.004023+00,2022-10-30 05:47:08.004023+00,,87,68
893d6f52-6d1d-4e80-ba38-21a80eee1408,nice-elephant-8522,87c88305-bbe8-4e7a-96ee-60ab6005f957,2023-01-09 06:14:41.781968+00,2023-01-09 06:14:41.781968+00,,39,29
31bd0c4b-d3fb-478f-817a-82a3a6aa18f7,nice-pelican-1314,87c88305-bbe8-4e7a-96ee-60ab6005f957,2023-12-03 10:35:52.523244+00,2023-12-03 10:35:52.523244+00,,81,46
5575e109-c871-4ae2-9e51-943c51e8c55e,lively-beaver-9812,87c88305-bbe8-4e7a-96ee-60ab6005f957,2023-09-07 14:31:09.012372+00,2023-09-07 14:31:09.012372+00,,4,70
1b09210a-c13f-48cb-ba56-2eef5b99d00d,happy-elephant-2861,87c88305-bbe8-4e7a-96ee-60ab6005f957,2024-07-31 20:35:52.665919+00,2024-07-31 20:35:52.665919+00,,94,94
60da3449-1517-48f4-baea-b91d7dabbb46,witty-jaguar-4307,87c88305-bbe8-4e7a-96ee-60ab6005f957,2024-07-22 01:16:11.405854+00,2024-07-22 01:16:11.405854+00,,68,84
acfa4253-ac32-4b88-a757-a38a88ddd624,proud-dolphin-5381,52a66fcf-5840-48bb-9eae-263970f22895,2024-05-13 08:25:13.398507+00,2024-05-13 08:25:13.398507+00,,15,98
871eacec-956c-41a1-a289-26530a8ff397,lively-iguana-5507,52a66fcf-5840-48bb-9eae-263970f22895,2024-07-29 05:12:49.097151+00,2024-07-29 05:12:49.097151+00,,26,24
7dd9490f-a541-4dbb-874f-6e5a9634fda6,eager-aardvark-6489,52a66fcf-5840-48bb-9eae-263970f22895,2022-11-17 09:22:54.780142+00,2022-11-17 09:22:54.780142+00,,75,32
66c1779e-e32d-44f4-a1bb-e4c7b561312f,faithful-lemur-4305,52a66fcf-5840-48bb-9eae-263970f22895,2023-10-02 12:21:22.54066+00,2023-10-02 12:21:22.54066+00,,36,28
5d553691-b8e1-46ad-a219-107f6ffb4937,eager-dolphin-3900,52a66fcf-5840-48bb-9eae-263970f22895,2024-08-14 22:27:33.333671+00,2024-08-14 22:27:33.333671+00,,23,31
d59bb65d-b284-426f-938c-1ebb645636cb,gentle-jaguar-7633,52a66fcf-5840-48bb-9eae-263970f22895,2023-12-10 22:28:12.540589+00,2023-12-10 22:28:12.540589+00,,98,25
72356267-4cf1-4fae-acd9-de31c1893651,calm-kangaroo-4718,52a66fcf-5840-48bb-9eae-263970f22895,2024-06-14 23:44:49.153695+00,2024-06-14 23:44:49.153695+00,,38,72
d21407cc-19bd-411a-b265-421c2e49b991,faithful-hedgehog-1266,52a66fcf-5840-48bb-9eae-263970f22895,2024-03-08 13:45:25.948263+00,2024-03-08 13:45:25.948263+00,,88,72
a29f6d3f-5dc2-46f9-9841-8cd77eff9788,eager-platypus-5145,52a66fcf-5840-48bb-9eae-263970f22895,2023-08-08 17:23:14.742548+00,2023-08-08 17:23:14.742548+00,,8,96
4e2c0c3f-ee6e-46d3-a3dc-edbb94614dde,eager-hedgehog-9207,0a6b14d5-b650-4c97-9241-235197b0473b,2024-04-30 10:57:59.100469+00,2024-04-30 10:57:59.100469+00,,20,1
87cb3b56-f51e-4fce-a8cd-f386dcd22fcc,sweet-anchovy-4776,0a6b14d5-b650-4c97-9241-235197b0473b,2023-09-11 23:18:23.615579+00,2023-09-11 23:18:23.615579+00,2023-09-19 04:01:41.677599+00,19,7
fcd251c6-dc94-4078-b046-b59fa9d0029d,brave-aardvark-9136,0a6b14d5-b650-4c97-9241-235197b0473b,2023-01-08 03:24:14.642802+00,2023-01-08 03:24:14.642802+00,,42,28
284d8a99-be23-43b4-a61a-9fcf16424e69,silly-aardvark-6362,0a6b14d5-b650-4c97-9241-235197b0473b,2024-06-09 15:30:07.862039+00,2024-06-09 15:30:07.862039+00,,36,4
b5f8d806-ca00-469d-8c27-d005b95f14b8,witty-kangaroo-8108,0a6b14d5-b650-4c97-9241-235197b0473b,2023-10-11 14:02:56.051099+00,2023-10-11 14:02:56.051099+00,,57,90
7a6c0289-e796-4db7-9bef-ff699a380b47,kind-hedgehog-1045,0a6b14d5-b650-4c97-9241-235197b0473b,2024-10-19 01:50:44.577422+00,2024-10-19 01:50:44.577422+00,,76,27
e6b9444b-3663-46fa-b216-e3f5828429d4,faithful-chameleon-2546,0a6b14d5-b650-4c97-9241-235197b0473b,2023-05-19 00:10:55.765335+00,2023-05-19 00:10:55.765335+00,,24,29
c3041262-ab02-4bca-9ff4-ecd1a91c4102,proud-dolphin-4053,0a6b14d5-b650-4c97-9241-235197b0473b,2023-07-12 12:31:28.136907+00,2023-07-12 12:31:28.136907+00,,52,86
2853b8cf-a2ae-45a0-9352-44133ce90cde,game-elephant-6404,0a6b14d5-b650-4c97-9241-235197b0473b,2024-06-25 17:05:56.659444+00,2024-06-25 17:05:56.659444+00,,77,76
21ef0234-19d9-401a-8018-190822536ba7,proud-elephant-7317,abac8387-220c-48f7-973f-9b5429bfcdce,2023-09-08 11:07:49.96843+00,2023-09-08 11:07:49.96843+00,,83,52
adceae3c-da87-4ff7-84e1-0a269b7af30a,lively-beaver-1740,abac8387-220c-48f7-973f-9b5429bfcdce,2024-01-03 08:58:58.942713+00,2024-01-03 08:58:58.942713+00,,15,24
d17e0408-4b2b-4e7f-8cd2-e0fc0dc3c30a,kind-platypus-8233,abac8387-220c-48f7-973f-9b5429bfcdce,2023-06-17 05:00:30.486083+00,2023-06-17 05:00:30.486083+00,,42,24
97ef0f82-ac37-4e8f-879e-d1ba9cc6b57d,faithful-flamingo-7961,abac8387-220c-48f7-973f-9b5429bfcdce,2023-11-13 11:27:17.039693+00,2023-11-13 11:27:17.039693+00,,10,12
d321c7e8-930e-4c6a-827b-c8671ee38f71,kind-iguana-7242,abac8387-220c-48f7-973f-9b5429bfcdce,2023-04-27 06:10:07.737182+00,2023-04-27 06:10:07.737182+00,,15,66
85ff797e-1fba-479b-8760-a32dda97b2d3,calm-dolphin-5018,abac8387-220c-48f7-973f-9b5429bfcdce,2024-06-22 05:23:09.331038+00,2024-06-22 05:23:09.331038+00,,78,53
5cb41a63-ba34-47d8-90cb-72a5cdaae653,gentle-dolphin-8935,abac8387-220c-48f7-973f-9b5429bfcdce,2023-08-03 16:42:10.173064+00,2023-08-03 16:42:10.173064+00,,54,65
92903433-dfd5-47ee-9dfb-83a30a3fad87,nice-chameleon-2865,7110e2cf-23c2-429a-a864-cd01dd0fb553,2024-09-23 16:34:18.462026+00,2024-09-23 16:34:18.462026+00,,60,30
cf3cb4da-ff00-473d-a956-94b37df40a71,happy-iguana-1262,7110e2cf-23c2-429a-a864-cd01dd0fb553,2023-03-03 07:43:53.624052+00,2023-03-03 07:43:53.624052+00,,6,86
d265c6f7-4093-4038-a94a-369d9a2bbb99,game-hedgehog-6393,69c6cd30-515f-40ee-ae04-8214ad3d3dea,2023-10-20 21:07:07.98105+00,2023-10-20 21:07:07.98105+00,,21,63
0486ec43-4ed7-4134-a0ce-160d5da62ce2,kind-chameleon-8495,69c6cd30-515f-40ee-ae04-8214ad3d3dea,2022-10-31 08:42:58.648332+00,2022-10-31 08:42:58.648332+00,,64,58
23cdc93d-c9f5-4109-b5e5-b35204f68b7b,calm-lemur-9791,69c6cd30-515f-40ee-ae04-8214ad3d3dea,2023-06-01 17:11:03.181072+00,2023-06-01 17:11:03.181072+00,,33,70
d7dd3cd8-facf-47de-9123-15043ae6da82,nice-platypus-5325,69c6cd30-515f-40ee-ae04-8214ad3d3dea,2024-06-24 18:39:29.474657+00,2024-06-24 18:39:29.474657+00,,85,4
efc18957-f39a-433e-8e53-49bb3db2e4e5,nice-giraffe-1825,69c6cd30-515f-40ee-ae04-8214ad3d3dea,2024-09-15 05:53:08.149599+00,2024-09-15 05:53:08.149599+00,2024-09-17 11:28:28.635087+00,48,71
2c6de83a-fffb-4da2-8069-5e3276e1cc19,brave-anchovy-8056,ea5dafad-bbab-43e8-8e6a-e5236bc85440,2024-03-08 13:26:15.8281+00,2024-03-08 13:26:15.8281+00,,7,74
14fce6a8-1b25-4f21-b6a0-23a0f0b1e19f,proud-pelican-6091,ea5dafad-bbab-43e8-8e6a-e5236bc85440,2023-01-14 00:06:14.801331+00,2023-01-14 00:06:14.801331+00,,74,69
58e1cce5-ef49-4dd5-8182-25f46020e687,game-chameleon-3153,ea5dafad-bbab-43e8-8e6a-e5236bc85440,2024-05-12 23:48:13.400597+00,2024-05-12 23:48:13.400597+00,,91,73
50c078fc-ef63-4178-8d54-deaa84e663a2,silly-kangaroo-5563,ea5dafad-bbab-43e8-8e6a-e5236bc85440,2022-11-21 06:35:27.54557+00,2022-11-21 06:35:27.54557+00,,89,11
2d84235c-0add-4437-83af-d0cd63434d7b,calm-beaver-2195,ea5dafad-bbab-43e8-8e6a-e5236bc85440,2024-05-16 21:36:08.048826+00,2024-05-16 21:36:08.048826+00,,69,26
0521ece3-53d0-49cc-8d61-01657760e8d8,brave-jaguar-4806,ea5dafad-bbab-43e8-8e6a-e5236bc85440,2024-02-02 03:58:55.147544+00,2024-02-02 03:58:55.147544+00,,0,75
74c5c016-8242-41b3-bbf8-a6120ff301ff,game-kangaroo-9456,17eacb47-cab4-4cb5-8d08-9a991067ccda,2024-04-11 21:35:38.063847+00,2024-04-11 21:35:38.063847+00,,77,83
fdebf484-b1b7-4e81-9d84-38fd7b0e2785,witty-platypus-5167,17eacb47-cab4-4cb5-8d08-9a991067ccda,2023-11-04 10:49:43.437655+00,2023-11-04 10:49:43.437655+00,,80,66
228956d4-ccdc-45b3-bde4-aff924888fec,faithful-kangaroo-9195,17eacb47-cab4-4cb5-8d08-9a991067ccda,2023-02-17 10:26:09.256857+00,2023-02-17 10:26:09.256857+00,,31,87
782f6d78-a533-4a23-87e1-fc21d64003a8,witty-aardvark-9031,17eacb47-cab4-4cb5-8d08-9a991067ccda,2024-07-24 22:19:50.32198+00,2024-07-24 22:19:50.32198+00,,79,51
e76ffa1f-983c-4c38-be61-8135ab4cbe46,silly-beaver-7841,17eacb47-cab4-4cb5-8d08-9a991067ccda,2024-03-07 23:21:06.765601+00,2024-03-07 23:21:06.765601+00,,18,3
afdd5609-733e-4c94-9eae-6861d8ec9ecf,silly-giraffe-6452,17eacb47-cab4-4cb5-8d08-9a991067ccda,2022-11-14 17:45:27.53422+00,2022-11-14 17:45:27.53422+00,,57,53
56cf91ce-9747-4f8c-beca-9a03d2cade05,witty-flamingo-9213,17eacb47-cab4-4cb5-8d08-9a991067ccda,2023-07-29 08:34:49.14088+00,2023-07-29 08:34:49.14088+00,,78,56
cf9e2d48-b3ca-4c02-8bb3-28d0c81be3c1,kind-lemur-9688,17eacb47-cab4-4cb5-8d08-9a991067ccda,2023-02-28 04:33:24.331748+00,2023-02-28 04:33:24.331748+00,,38,80
a63308ea-6c0e-4c10-8996-f5af89d03de4,game-chameleon-7130,58f1d5d5-45c4-4d9c-a08b-d6d9c992e39a,2023-05-23 16:26:50.859128+00,2023-05-23 16:26:50.859128+00,,7,96
4828c0c4-a6b2-44bd-b598-69fe34e72cb9,kind-platypus-7201,58f1d5d5-45c4-4d9c-a08b-d6d9c992e39a,2024-01-27 22:09:54.066153+00,2024-01-27 22:09:54.066153+00,,37,83
dd90f1f3-df5e-4bc0-9475-aa61e003ad56,sweet-hedgehog-6634,58f1d5d5-45c4-4d9c-a08b-d6d9c992e39a,2022-12-14 13:17:51.941083+00,2022-12-14 13:17:51.941083+00,,66,82
a165904f-f6ae-42c6-a140-aa645eb0d146,nice-elephant-9088,58f1d5d5-45c4-4d9c-a08b-d6d9c992e39a,2023-11-25 19:24:42.810648+00,2023-11-25 19:24:42.810648+00,2024-06-21 03:38:44.581397+00,56,78
9d868a20-3983-4afd-a868-b3bcf10121f9,kind-iguana-1578,58f1d5d5-45c4-4d9c-a08b-d6d9c992e39a,2023-02-28 03:16:57.016265+00,2023-02-28 03:16:57.016265+00,2024-04-27 18:22:00.219081+00,37,75
53ce3510-a194-40f7-a390-776f8e64308d,happy-chameleon-1424,491e179d-f9b4-4569-ba41-70640c031938,2024-02-24 04:54:52.277886+00,2024-02-24 04:54:52.277886+00,,91,33
fc11f9f6-ce97-475e-a1c9-8ceb9f246007,lively-giraffe-2238,491e179d-f9b4-4569-ba41-70640c031938,2023-10-17 09:21:44.180705+00,2023-10-17 09:21:44.180705+00,,5,31
a1a05541-6ac2-4e50-a5d2-d4ef145b18c2,game-giraffe-3382,e9142ae1-b2f6-4762-b66f-15b639396ad8,2024-02-21 01:07:38.358365+00,2024-02-21 01:07:38.358365+00,,44,70
bccdf5d4-493b-446b-ad5f-53a654a3ab15,kind-jaguar-6235,e9142ae1-b2f6-4762-b66f-15b639396ad8,2024-10-23 02:04:59.422492+00,2024-10-23 02:04:59.422492+00,,62,36
8a56b63f-7028-48f3-85ec-c7c07f3acdad,happy-dolphin-3252,e9142ae1-b2f6-4762-b66f-15b639396ad8,2024-10-21 14:13:12.454418+00,2024-10-21 14:13:12.454418+00,,68,5
d1079c16-f8c2-4a5f-8c18-e081798455af,gentle-kangaroo-9118,e9142ae1-b2f6-4762-b66f-15b639396ad8,2024-03-11 14:52:06.369376+00,2024-03-11 14:52:06.369376+00,,1,98
cfaaa003-4c1b-4dd9-bd62-802b1cd47cea,happy-lemur-4931,e9142ae1-b2f6-4762-b66f-15b639396ad8,2024-10-13 23:53:10.498937+00,2024-10-13 23:53:10.498937+00,,26,73
71f25af3-b287-484f-be62-9a9e88127818,witty-pelican-4356,6b2dca8d-c42f-424a-9bac-7fa4bc479485,2023-06-18 21:51:48.161283+00,2023-06-18 21:51:48.161283+00,,29,55
9ab4406a-3b53-4842-8b08-fac899f74ec9,nice-giraffe-4697,6b2dca8d-c42f-424a-9bac-7fa4bc479485,2023-01-31 15:48:40.847972+00,2023-01-31 15:48:40.847972+00,,90,39
19fa8c4d-25f7-4841-8898-2c091581e42d,faithful-aardvark-8614,6220683f-f762-424d-b51b-657493130c8d,2024-05-13 06:57:53.755813+00,2024-05-13 06:57:53.755813+00,,68,31
de51ec23-0e95-4c51-a9f1-1def8739266d,jolly-elephant-1350,f7c62b50-b0e5-445b-b1a7-911418c31c11,2023-05-29 23:37:01.22954+00,2023-05-29 23:37:01.22954+00,,61,24
b402ea2b-a494-4a43-be61-c39e0d0e590e,nice-kangaroo-7804,f7c62b50-b0e5-445b-b1a7-911418c31c11,2023-07-05 03:17:48.75711+00,2023-07-05 03:17:48.75711+00,,33,30
f81c5db1-c3eb-4c03-956c-807b8de11c73,silly-aardvark-9126,f7c62b50-b0e5-445b-b1a7-911418c31c11,2023-10-20 23:42:24.55722+00,2023-10-20 23:42:24.55722+00,,84,82
98480b18-f96d-4188-9c36-599f2ef4a832,witty-anchovy-5852,f7c62b50-b0e5-445b-b1a7-911418c31c11,2023-02-01 07:21:11.818218+00,2023-02-01 07:21:11.818218+00,,67,50
847a0c72-b71b-46d4-9609-8ee6d22cb0a7,gentle-jaguar-7234,f7c62b50-b0e5-445b-b1a7-911418c31c11,2024-07-23 02:49:24.894893+00,2024-07-23 02:49:24.894893+00,,84,65
b5faeb48-5b3c-4500-8a54-e072a0d962d8,sweet-lemur-5433,f7c62b50-b0e5-445b-b1a7-911418c31c11,2024-05-29 02:18:42.886581+00,2024-05-29 02:18:42.886581+00,,3,14
cc6b953e-3f35-4a68-9a36-6d3c08445ecb,kind-aardvark-7738,f7c62b50-b0e5-445b-b1a7-911418c31c11,2023-09-25 00:42:43.996408+00,2023-09-25 00:42:43.996408+00,2024-05-13 09:16:52.152002+00,89,75
4109b824-0aa1-480a-a0fd-c53431ff973c,proud-flamingo-2408,f7c62b50-b0e5-445b-b1a7-911418c31c11,2024-09-14 21:59:44.471886+00,2024-09-14 21:59:44.471886+00,,78,82
efd116b3-7c2f-4f68-a089-a84fd5273c78,proud-giraffe-2354,f7c62b50-b0e5-445b-b1a7-911418c31c11,2023-02-08 08:14:44.582301+00,2023-02-08 08:14:44.582301+00,,42,68
241eb166-9dd4-40af-a2f6-972fccdf5e4b,kind-giraffe-2550,1faa3eeb-9875-4deb-9035-1a6a0b315f85,2024-04-13 04:04:00.672383+00,2024-04-13 04:04:00.672383+00,,74,74
bb57c16f-c534-460c-ab1e-8894c6e6d910,happy-flamingo-8529,1faa3eeb-9875-4deb-9035-1a6a0b315f85,2022-11-13 14:38:10.969908+00,2022-11-13 14:38:10.969908+00,,4,16
8849be14-b99f-42c4-b021-ed5d60c5c483,brave-beaver-8299,1faa3eeb-9875-4deb-9035-1a6a0b315f85,2024-02-25 09:04:12.528634+00,2024-02-25 09:04:12.528634+00,,86,24
5f083018-6b41-4f60-a213-92203aa41a30,jolly-lemur-9193,1faa3eeb-9875-4deb-9035-1a6a0b315f85,2024-02-29 11:23:46.381135+00,2024-02-29 11:23:46.381135+00,,46,11
c7e6b87c-73b1-4992-9ba8-8634f6b59163,silly-jaguar-3685,1faa3eeb-9875-4deb-9035-1a6a0b315f85,2024-04-03 08:40:42.94654+00,2024-04-03 08:40:42.94654+00,,68,87
a415b26f-2950-49ba-ba42-21c3e462914d,brave-hedgehog-7160,1faa3eeb-9875-4deb-9035-1a6a0b315f85,2024-06-13 11:58:46.992075+00,2024-06-13 11:58:46.992075+00,,2,87
7647b60b-29c8-4a5a-a8d0-42899da92fa8,lively-aardvark-7296,1faa3eeb-9875-4deb-9035-1a6a0b315f85,2023-06-10 12:47:51.61071+00,2023-06-10 12:47:51.61071+00,,86,63
dbab5c67-1d61-4748-aa62-d21e16713853,jolly-hedgehog-6742,1faa3eeb-9875-4deb-9035-1a6a0b315f85,2023-07-14 05:21:43.52298+00,2023-07-14 05:21:43.52298+00,,18,59
94ceb2ed-fa9b-4c98-b7cd-e4efb0954fe2,gentle-giraffe-8896,1faa3eeb-9875-4deb-9035-1a6a0b315f85,2024-09-15 18:36:48.886403+00,2024-09-15 18:36:48.886403+00,,38,15
03d5698f-fce0-4bfd-ab02-c5067df5ec5c,brave-elephant-2270,1faa3eeb-9875-4deb-9035-1a6a0b315f85,2024-08-30 10:20:27.203198+00,2024-08-30 10:20:27.203198+00,,23,69
c4b8dfb5-6793-4814-9971-4e962f7be660,game-beaver-2298,87fd88bd-5bbb-4469-a96f-72607b31ba95,2024-02-23 12:49:50.842155+00,2024-02-23 12:49:50.842155+00,,98,47
fd11f5ef-22bc-4a03-8922-bc51949062b9,lively-anchovy-3530,87fd88bd-5bbb-4469-a96f-72607b31ba95,2023-11-10 06:30:29.54834+00,2023-11-10 06:30:29.54834+00,,59,3
92ac44f2-d3a0-4b99-b870-142550fee927,proud-jaguar-7829,87fd88bd-5bbb-4469-a96f-72607b31ba95,2024-10-17 03:06:33.003199+00,2024-10-17 03:06:33.003199+00,2024-10-20 16:23:19.872744+00,83,79
4554d0a5-805c-462f-b428-4aee416b339f,happy-beaver-3065,87fd88bd-5bbb-4469-a96f-72607b31ba95,2024-10-10 06:13:35.345112+00,2024-10-10 06:13:35.345112+00,,52,3
cb734412-d024-4b3a-8de1-713f90f06392,gentle-aardvark-7110,87fd88bd-5bbb-4469-a96f-72607b31ba95,2024-05-06 18:18:13.261784+00,2024-05-06 18:18:13.261784+00,,27,94
2cbf06ce-92dc-46be-81be-6c2757d50ea0,faithful-flamingo-3394,0948ad80-3d91-413a-b725-da8a6628830b,2023-06-26 19:00:29.821977+00,2023-06-26 19:00:29.821977+00,2024-08-09 10:33:09.461783+00,10,71
2aa0cdeb-9865-4281-a783-fbfa8c6731f1,kind-anchovy-7878,0948ad80-3d91-413a-b725-da8a6628830b,2023-06-01 02:55:35.011751+00,2023-06-01 02:55:35.011751+00,2024-10-21 05:03:55.433304+00,99,94
364b8c0e-2a12-4c89-b9fc-37fab0749422,gentle-chameleon-8400,0948ad80-3d91-413a-b725-da8a6628830b,2023-12-21 02:26:50.733254+00,2023-12-21 02:26:50.733254+00,,8,23
301a9cfb-2a7f-4ae3-af1c-18c392ad0e77,eager-platypus-8773,0948ad80-3d91-413a-b725-da8a6628830b,2023-04-24 14:52:32.241173+00,2023-04-24 14:52:32.241173+00,,69,7
20aa77e0-40ab-4e3f-9f35-3300c95ec7ce,witty-jaguar-2713,bd6b8584-4f90-4d9f-b4e7-af62a18aff1d,2022-11-26 19:52:35.573068+00,2022-11-26 19:52:35.573068+00,,27,36
1602bf1f-bb8f-4fdb-b337-16fc2677589e,jolly-iguana-2399,380b1717-9d05-46d6-af2c-e6ac12bfdbaf,2024-03-19 07:41:59.886224+00,2024-03-19 07:41:59.886224+00,,6,82
9eb333f7-5da8-4c13-9094-919156336e7f,kind-dolphin-4277,380b1717-9d05-46d6-af2c-e6ac12bfdbaf,2024-03-15 00:27:32.360052+00,2024-03-15 00:27:32.360052+00,,96,30
d1bf41e7-1edf-4c58-9161-8846c6bcde0a,gentle-flamingo-9969,380b1717-9d05-46d6-af2c-e6ac12bfdbaf,2024-08-11 21:24:11.231795+00,2024-08-11 21:24:11.231795+00,,53,42
35988903-880d-4a50-82dc-6e41e048a4d0,faithful-iguana-6393,380b1717-9d05-46d6-af2c-e6ac12bfdbaf,2023-08-28 08:27:44.273589+00,2023-08-28 08:27:44.273589+00,,79,31
49c9e074-d42f-41d2-8896-dee0ba1414c9,eager-aardvark-9308,380b1717-9d05-46d6-af2c-e6ac12bfdbaf,2024-02-19 11:45:27.479033+00,2024-02-19 11:45:27.479033+00,,40,26
ce5e3395-9a41-427f-a887-206701e9b9ba,game-chameleon-4609,380b1717-9d05-46d6-af2c-e6ac12bfdbaf,2023-09-21 05:21:44.710788+00,2023-09-21 05:21:44.710788+00,2024-04-11 08:40:42.781055+00,11,21
c06a4866-f097-4eed-b7ca-28d60c9ba864,game-elephant-9077,a30a353a-42fa-4251-9f45-d58f4211e61c,2022-10-29 19:29:41.931028+00,2022-10-29 19:29:41.931028+00,,83,80
7a2d841a-1da0-4e84-907d-5d5f5af0717a,calm-elephant-6993,a30a353a-42fa-4251-9f45-d58f4211e61c,2023-03-05 22:13:18.20499+00,2023-03-05 22:13:18.20499+00,2024-03-16 00:11:05.887441+00,45,53
4d80771d-61dd-4be8-b82f-a121b34ef9af,kind-elephant-4798,a30a353a-42fa-4251-9f45-d58f4211e61c,2024-01-31 03:21:42.196898+00,2024-01-31 03:21:42.196898+00,,43,89
15807728-870d-4de8-8688-5dc0ec03bef8,kind-hedgehog-1931,a30a353a-42fa-4251-9f45-d58f4211e61c,2024-04-17 10:58:10.521756+00,2024-04-17 10:58:10.521756+00,,61,98
153ad73a-fcc4-4bc4-9d40-0c78004b0275,eager-chameleon-2364,a30a353a-42fa-4251-9f45-d58f4211e61c,2023-10-31 17:21:15.509997+00,2023-10-31 17:21:15.509997+00,,28,26
be9884e1-8fad-4d40-be52-2abd8ccd746c,brave-hedgehog-6638,a30a353a-42fa-4251-9f45-d58f4211e61c,2024-03-14 08:39:12.431137+00,2024-03-14 08:39:12.431137+00,,92,79
0143b740-789d-44b8-b51e-dcf4cca24e9a,jolly-dolphin-6624,a30a353a-42fa-4251-9f45-d58f4211e61c,2023-11-02 20:36:33.063123+00,2023-11-02 20:36:33.063123+00,,87,25
93082527-6b90-41bc-a5ea-a4504eca2598,gentle-beaver-1355,33b75c80-266c-4c9f-b0ef-d0829ea9b529,2023-08-09 11:34:33.162155+00,2023-08-09 11:34:33.162155+00,,21,28
99d5dcbc-0ca8-49fe-8fd8-4dc314ffcce9,kind-aardvark-4834,33b75c80-266c-4c9f-b0ef-d0829ea9b529,2024-05-29 03:26:09.800811+00,2024-05-29 03:26:09.800811+00,,91,24
bb68a074-ee31-49a9-83aa-22e73bab4e1a,calm-anchovy-6406,33b75c80-266c-4c9f-b0ef-d0829ea9b529,2024-01-28 06:19:29.966686+00,2024-01-28 06:19:29.966686+00,,59,60
211e9a68-77ce-4b10-a53a-752003a18930,jolly-hedgehog-6602,33b75c80-266c-4c9f-b0ef-d0829ea9b529,2024-08-07 01:51:58.504019+00,2024-08-07 01:51:58.504019+00,,51,1
bcb5e079-823d-4b4a-9309-1eab3e7ba142,kind-platypus-5665,33b75c80-266c-4c9f-b0ef-d0829ea9b529,2023-11-14 21:17:53.506761+00,2023-11-14 21:17:53.506761+00,2024-03-15 01:36:40.518472+00,4,98
798e962a-16de-4030-9f49-e643aab665c9,game-aardvark-5714,33b75c80-266c-4c9f-b0ef-d0829ea9b529,2023-04-30 20:58:25.70769+00,2023-04-30 20:58:25.70769+00,,8,73
ca8911f1-ed99-4872-a049-b0c781b9df34,proud-anchovy-6452,33b75c80-266c-4c9f-b0ef-d0829ea9b529,2023-02-24 03:28:06.385651+00,2023-02-24 03:28:06.385651+00,,0,6
1d921d56-0dd6-4b14-8969-b176ec6865b5,brave-aardvark-7004,33b75c80-266c-4c9f-b0ef-d0829ea9b529,2024-02-21 18:36:00.375162+00,2024-02-21 18:36:00.375162+00,2024-06-16 09:06:11.831682+00,22,66
987fe322-bbb7-4785-adb1-e2fa0b6d3ca5,game-anchovy-9605,d88819ed-0ff2-4336-bbd8-af7e52570e98,2024-07-30 17:42:24.9835+00,2024-07-30 17:42:24.9835+00,,15,0
cd10d89b-6679-46a7-822d-4861e9c0c196,sweet-flamingo-4485,d88819ed-0ff2-4336-bbd8-af7e52570e98,2023-02-14 09:29:22.659617+00,2023-02-14 09:29:22.659617+00,,53,57
a274ce56-03bc-4669-97d9-71922b93a691,game-flamingo-4270,d88819ed-0ff2-4336-bbd8-af7e52570e98,2024-08-25 11:27:52.911193+00,2024-08-25 11:27:52.911193+00,,67,31
36407780-1e32-4e07-bae3-4556a6cbce7f,eager-pelican-3084,d88819ed-0ff2-4336-bbd8-af7e52570e98,2023-11-03 23:48:04.64876+00,2023-11-03 23:48:04.64876+00,,44,65
5ead7054-6f7c-4e88-8571-5ac5b59acc37,kind-chameleon-1558,83009c11-94c9-4d65-b15f-2be150ab558c,2024-05-07 08:16:24.313724+00,2024-05-07 08:16:24.313724+00,2024-07-30 08:01:46.904194+00,98,81
3f5efc8b-ab63-42f8-adbc-970946e77d03,nice-elephant-3701,83009c11-94c9-4d65-b15f-2be150ab558c,2022-11-18 03:07:40.959012+00,2022-11-18 03:07:40.959012+00,,19,33
d6bc7440-b4ed-4e0d-9bcd-511ed2a4e492,sweet-dolphin-4251,83009c11-94c9-4d65-b15f-2be150ab558c,2022-12-10 23:29:21.622957+00,2022-12-10 23:29:21.622957+00,,100,77
26b3f56b-5d1e-4dd4-980a-e84e8e5274bd,sweet-anchovy-2214,83009c11-94c9-4d65-b15f-2be150ab558c,2024-01-10 14:28:45.441123+00,2024-01-10 14:28:45.441123+00,,93,95
7ef28a5b-327b-4ec5-994e-69cd88c555bd,eager-platypus-5347,83009c11-94c9-4d65-b15f-2be150ab558c,2023-02-15 13:54:34.851089+00,2023-02-15 13:54:34.851089+00,,88,23
09f5a2ff-a809-4ed4-ac25-38cbb21610a5,game-aardvark-2590,83009c11-94c9-4d65-b15f-2be150ab558c,2023-02-28 06:01:40.786671+00,2023-02-28 06:01:40.786671+00,,81,1
2dba01b0-7686-48cd-95fd-d89301c6a554,lively-platypus-6434,83009c11-94c9-4d65-b15f-2be150ab558c,2023-09-21 20:08:20.068861+00,2023-09-21 20:08:20.068861+00,,43,30
382138de-4b3e-4e2a-a1b3-a634d47d0d6d,eager-elephant-1810,83009c11-94c9-4d65-b15f-2be150ab558c,2024-10-05 22:43:14.636305+00,2024-10-05 22:43:14.636305+00,,76,34
eaf1eac7-4b4f-483a-a0c0-72886beca545,calm-dolphin-3767,c62980df-7628-406c-be09-036134a06326,2023-08-21 22:24:59.801063+00,2023-08-21 22:24:59.801063+00,,42,87
dc17ea00-becc-47db-a3eb-0db55af285d0,jolly-elephant-7364,c62980df-7628-406c-be09-036134a06326,2024-08-04 00:42:35.465512+00,2024-08-04 00:42:35.465512+00,,36,77
0b06da14-1e00-4c1c-b4c9-4efa5d66b210,silly-kangaroo-7869,c62980df-7628-406c-be09-036134a06326,2024-04-04 23:00:03.829273+00,2024-04-04 23:00:03.829273+00,2024-06-01 02:35:27.754787+00,61,66
dcf56eef-3f78-4c65-869f-30c041a15269,witty-giraffe-4184,c62980df-7628-406c-be09-036134a06326,2024-02-27 07:29:46.958534+00,2024-02-27 07:29:46.958534+00,,92,71
4445381b-b151-41a9-82e1-34c2f5c38071,witty-lemur-2502,0ae3afa9-9d3d-4238-b743-3594b0b5f2cd,2022-11-10 16:46:03.336227+00,2022-11-10 16:46:03.336227+00,,43,94
72808270-f99a-4a8b-b873-8e36dbcfd6fe,happy-aardvark-8849,0ae3afa9-9d3d-4238-b743-3594b0b5f2cd,2023-03-18 22:24:25.983316+00,2023-03-18 22:24:25.983316+00,,42,56
f56c9c68-31f7-4b53-bfe2-aad76886de18,proud-elephant-5879,0ae3afa9-9d3d-4238-b743-3594b0b5f2cd,2024-06-10 16:27:11.220207+00,2024-06-10 16:27:11.220207+00,2024-10-15 02:16:46.556784+00,10,55
e911e6fa-9ab7-4686-8747-eaf7d9923a98,silly-beaver-5646,0ae3afa9-9d3d-4238-b743-3594b0b5f2cd,2023-02-09 23:25:44.447708+00,2023-02-09 23:25:44.447708+00,,76,22
2051fdc7-22f9-4ed1-8216-f4219eb113c3,happy-kangaroo-2807,0ae3afa9-9d3d-4238-b743-3594b0b5f2cd,2022-11-27 20:59:32.524156+00,2022-11-27 20:59:32.524156+00,,42,32
67095a59-6ebe-42cc-97c2-99d95dac4a47,proud-jaguar-4738,0ae3afa9-9d3d-4238-b743-3594b0b5f2cd,2022-11-30 03:42:51.505202+00,2022-11-30 03:42:51.505202+00,,52,95
ac951f29-71e8-469a-909e-22de54be5fea,faithful-elephant-3418,0ae3afa9-9d3d-4238-b743-3594b0b5f2cd,2023-01-23 15:29:53.250849+00,2023-01-23 15:29:53.250849+00,,80,26
43dc301f-1460-4901-b1bf-a95bb1824993,lively-lemur-8807,02114b93-b7ca-472a-a6a1-637a37afba88,2022-11-12 12:51:31.94362+00,2022-11-12 12:51:31.94362+00,,51,42
73153b3e-68ab-469d-8dbe-3391d655dbc0,jolly-pelican-9965,02114b93-b7ca-472a-a6a1-637a37afba88,2023-09-02 20:03:07.933555+00,2023-09-02 20:03:07.933555+00,,27,80
4e2726d9-2c61-4f2a-bfac-93784c7907c0,brave-giraffe-9742,02114b93-b7ca-472a-a6a1-637a37afba88,2024-01-20 03:22:20.209024+00,2024-01-20 03:22:20.209024+00,,67,18
33177bab-3a5e-41cd-986a-adc11535ac38,proud-beaver-6280,02114b93-b7ca-472a-a6a1-637a37afba88,2023-12-14 08:26:57.429483+00,2023-12-14 08:26:57.429483+00,,9,66
c67432c3-1e66-4f7b-ab3a-1030d52cca77,brave-jaguar-5079,02114b93-b7ca-472a-a6a1-637a37afba88,2023-07-05 10:35:43.476685+00,2023-07-05 10:35:43.476685+00,,45,51
f472177a-b7b1-484d-8880-90414ef18dcd,sweet-giraffe-7166,02114b93-b7ca-472a-a6a1-637a37afba88,2023-12-21 07:02:35.622451+00,2023-12-21 07:02:35.622451+00,,66,71
c6f626fe-e1b5-4660-be8c-4104bcf9e72b,faithful-kangaroo-7919,074138d2-c28a-46b3-84f1-b5eff8a2d76d,2023-02-02 04:09:16.893481+00,2023-02-02 04:09:16.893481+00,,97,0
cb12f895-2a28-4daa-a12b-1125b324d998,lively-flamingo-4438,074138d2-c28a-46b3-84f1-b5eff8a2d76d,2024-05-22 12:53:38.872429+00,2024-05-22 12:53:38.872429+00,,38,56
ff3dd453-7f8c-43f5-a209-d2d338498117,proud-platypus-4501,074138d2-c28a-46b3-84f1-b5eff8a2d76d,2023-09-12 01:05:32.606259+00,2023-09-12 01:05:32.606259+00,,98,29
445e9c78-d46b-4f96-aca2-bad569caf8e6,calm-chameleon-7969,074138d2-c28a-46b3-84f1-b5eff8a2d76d,2024-01-08 03:12:51.07312+00,2024-01-08 03:12:51.07312+00,,93,65
e81dfea9-0296-4f93-9337-4d2a5806ab5a,proud-aardvark-7215,074138d2-c28a-46b3-84f1-b5eff8a2d76d,2024-08-02 19:56:52.775241+00,2024-08-02 19:56:52.775241+00,2024-09-23 02:56:21.618121+00,96,94
c863233c-412f-4247-a68d-4b1792b6f0ab,happy-giraffe-9192,daf8661c-b9c8-40dd-8035-eb45aa0b01d9,2023-08-19 10:45:40.580791+00,2023-08-19 10:45:40.580791+00,,69,57
ca85ee69-ad2b-432b-a32b-b8f04b68433f,sweet-platypus-1956,daf8661c-b9c8-40dd-8035-eb45aa0b01d9,2023-11-15 19:36:27.384368+00,2023-11-15 19:36:27.384368+00,,7,2
4d8b9e74-0d02-4bdc-960b-6124df36c0c1,lively-kangaroo-3647,daf8661c-b9c8-40dd-8035-eb45aa0b01d9,2024-04-26 03:44:56.072921+00,2024-04-26 03:44:56.072921+00,,89,51
36f03716-b787-4997-8355-2b8ec6dec0d0,faithful-lemur-7075,daf8661c-b9c8-40dd-8035-eb45aa0b01d9,2023-12-15 04:07:39.129651+00,2023-12-15 04:07:39.129651+00,,16,31
a1578600-3fdb-4c79-932f-26f824540f0d,calm-lemur-5401,59d95e1c-8fbf-43b0-9ee4-17c779f8aa68,2024-04-04 19:14:53.892783+00,2024-04-04 19:14:53.892783+00,,65,13
4495f48a-f097-41b4-9804-a04f4d8cf4e0,jolly-dolphin-6007,59d95e1c-8fbf-43b0-9ee4-17c779f8aa68,2024-03-08 17:30:36.965559+00,2024-03-08 17:30:36.965559+00,,14,82
a4ddf1ce-1aef-48e8-b674-88a8236fd7c9,happy-iguana-1090,59d95e1c-8fbf-43b0-9ee4-17c779f8aa68,2024-05-17 04:19:16.851668+00,2024-05-17 04:19:16.851668+00,,58,24
dc020f94-b414-4fe4-9682-e31409f7697e,kind-flamingo-4114,59d95e1c-8fbf-43b0-9ee4-17c779f8aa68,2024-03-25 16:48:05.008414+00,2024-03-25 16:48:05.008414+00,,82,67
4a4aaba9-d479-4d2d-ad00-2586691001a3,calm-anchovy-9429,59d95e1c-8fbf-43b0-9ee4-17c779f8aa68,2023-03-08 23:39:17.925261+00,2023-03-08 23:39:17.925261+00,2023-11-27 02:25:31.29011+00,87,60
b91485c8-fe2a-4c69-b9cf-b3e1cfdb4ccc,gentle-flamingo-5161,59d95e1c-8fbf-43b0-9ee4-17c779f8aa68,2023-10-19 14:45:48.746956+00,2023-10-19 14:45:48.746956+00,,26,0
08fe924f-8e75-405d-aed9-d7cde90b0af3,sweet-lemur-3439,59d95e1c-8fbf-43b0-9ee4-17c779f8aa68,2023-05-27 12:14:01.867869+00,2023-05-27 12:14:01.867869+00,,58,59
c43b15d3-cb9b-4627-ba18-45ad5a516e1c,lively-anchovy-3468,59d95e1c-8fbf-43b0-9ee4-17c779f8aa68,2023-02-10 07:29:57.122895+00,2023-02-10 07:29:57.122895+00,,51,16
779a9a51-6b8e-4e77-a62d-4fb6cd32a563,gentle-anchovy-7268,59d95e1c-8fbf-43b0-9ee4-17c779f8aa68,2023-11-16 13:03:38.633247+00,2023-11-16 13:03:38.633247+00,,21,31
8b35b793-67c5-449c-9f21-0451cc27c062,proud-aardvark-9869,5ad0fdd9-9a0a-480d-99b1-2d6752407b08,2024-04-27 11:46:47.427075+00,2024-04-27 11:46:47.427075+00,,55,58
e7482040-5376-45ab-8ca1-8c6766e8f2b8,silly-jaguar-2569,5ad0fdd9-9a0a-480d-99b1-2d6752407b08,2022-11-18 07:47:40.05225+00,2022-11-18 07:47:40.05225+00,2024-02-08 14:02:34.939544+00,30,42
aff980e6-1e18-433d-a462-ead605d80d33,proud-pelican-9412,5ad0fdd9-9a0a-480d-99b1-2d6752407b08,2023-01-11 00:51:17.281103+00,2023-01-11 00:51:17.281103+00,,38,79
75bc89f0-3bc5-4191-93a0-8b946d6ae876,sweet-platypus-7374,5ad0fdd9-9a0a-480d-99b1-2d6752407b08,2024-03-20 14:10:10.025272+00,2024-03-20 14:10:10.025272+00,,11,80
20a82ac9-5b73-457c-85f4-cf65a21959b1,calm-iguana-5337,5ad0fdd9-9a0a-480d-99b1-2d6752407b08,2024-05-29 04:47:40.029969+00,2024-05-29 04:47:40.029969+00,,77,27
9345b721-02a4-40c3-ac24-ef2ebdedb647,silly-giraffe-6464,91d9652b-8de3-4e1a-a765-8b36fd13101e,2024-08-24 19:47:50.064709+00,2024-08-24 19:47:50.064709+00,,95,71
f7ff9ebd-df91-450d-ae4c-632adbec1721,happy-beaver-7052,91d9652b-8de3-4e1a-a765-8b36fd13101e,2024-03-18 19:29:03.83776+00,2024-03-18 19:29:03.83776+00,2024-08-31 12:47:28.712034+00,44,7
5a3a0bb3-0812-4823-ac47-ad10238e27fd,sweet-iguana-9910,91d9652b-8de3-4e1a-a765-8b36fd13101e,2024-08-05 00:24:56.442681+00,2024-08-05 00:24:56.442681+00,,51,57
9e78a7ef-a2a5-47a1-b1e8-070a74553dd3,brave-lemur-4698,91d9652b-8de3-4e1a-a765-8b36fd13101e,2023-07-29 08:17:43.121414+00,2023-07-29 08:17:43.121414+00,,51,39
6ccb7697-dba6-4f3d-9bc0-d6488bc7fb10,proud-kangaroo-9401,91d9652b-8de3-4e1a-a765-8b36fd13101e,2024-05-28 04:05:34.07976+00,2024-05-28 04:05:34.07976+00,,91,58
124808c5-858f-45f5-9bcc-5fc7c23750fc,game-giraffe-4106,89af4366-894c-49a5-82d9-b1f888b59a2c,2022-11-02 11:03:11.224809+00,2022-11-02 11:03:11.224809+00,,75,27
126c368f-b77d-43e9-8a49-ebd903219457,sweet-aardvark-5766,89af4366-894c-49a5-82d9-b1f888b59a2c,2023-03-24 16:17:53.462189+00,2023-03-24 16:17:53.462189+00,,46,28
3f96a910-cfee-46ed-8fc9-ef5f927682da,calm-chameleon-7968,eeb6dd89-4437-4afa-9e9c-070fe36ea155,2024-10-13 00:15:59.869096+00,2024-10-13 00:15:59.869096+00,,70,89
e651fa45-ed1c-4f0e-9bcb-decc3a4bcddd,happy-flamingo-2568,eeb6dd89-4437-4afa-9e9c-070fe36ea155,2023-01-13 16:22:14.926049+00,2023-01-13 16:22:14.926049+00,,36,56
a34450d4-2101-4f9a-b22d-b46e6e27934c,proud-platypus-1154,eeb6dd89-4437-4afa-9e9c-070fe36ea155,2023-04-20 02:24:09.688364+00,2023-04-20 02:24:09.688364+00,,70,99
dec1e5db-48b0-4147-b6b2-462bef3fbbc6,kind-giraffe-7340,eeb6dd89-4437-4afa-9e9c-070fe36ea155,2024-08-08 10:01:03.657794+00,2024-08-08 10:01:03.657794+00,,13,37
3532ab66-4ec5-4986-8354-93cc94b8d1a0,kind-pelican-9234,eeb6dd89-4437-4afa-9e9c-070fe36ea155,2024-05-29 10:54:54.66137+00,2024-05-29 10:54:54.66137+00,,24,32
94d965af-b211-4db4-b533-2bba765a2a77,calm-jaguar-7426,eeb6dd89-4437-4afa-9e9c-070fe36ea155,2024-01-07 15:31:39.79663+00,2024-01-07 15:31:39.79663+00,,42,90
21a88f29-b61a-4110-8f19-c07984722f0e,lively-iguana-4575,eeb6dd89-4437-4afa-9e9c-070fe36ea155,2023-05-13 08:25:13.179573+00,2023-05-13 08:25:13.179573+00,,56,32
46bf8ed1-c362-45e2-a921-4ab6355cd84e,jolly-beaver-3496,eeb6dd89-4437-4afa-9e9c-070fe36ea155,2023-10-22 11:30:36.03823+00,2023-10-22 11:30:36.03823+00,2024-01-15 17:40:52.620431+00,35,96
1c81ba09-8c22-4248-9502-4f24fabfab43,sweet-chameleon-9899,eeb6dd89-4437-4afa-9e9c-070fe36ea155,2023-05-19 22:46:29.572902+00,2023-05-19 22:46:29.572902+00,2024-05-26 23:01:17.62146+00,30,40
a2492a30-b3ab-49cc-bc5d-e7a997c1314c,game-pelican-4114,bdcdccb0-ea35-4913-99f7-73f86123f8e1,2023-01-29 12:54:47.082983+00,2023-01-29 12:54:47.082983+00,,43,56
1ef2cde7-bae6-4cc5-9296-96c699e82ffc,brave-chameleon-5025,bdcdccb0-ea35-4913-99f7-73f86123f8e1,2023-08-10 01:20:52.395885+00,2023-08-10 01:20:52.395885+00,,12,15
bc173e17-97e4-48b0-a6b6-29d8c0ab47a2,witty-iguana-3344,bdcdccb0-ea35-4913-99f7-73f86123f8e1,2024-07-13 05:35:38.985254+00,2024-07-13 05:35:38.985254+00,,26,0
f9f61817-9a79-446b-85ee-846796b80b73,sweet-anchovy-4376,bdcdccb0-ea35-4913-99f7-73f86123f8e1,2023-08-24 13:20:46.154209+00,2023-08-24 13:20:46.154209+00,,99,37
b51af4db-5e37-4734-8963-40a2cea0cc74,gentle-jaguar-6981,bdcdccb0-ea35-4913-99f7-73f86123f8e1,2024-01-17 18:00:56.01168+00,2024-01-17 18:00:56.01168+00,,63,68
735a4657-5b97-4cc6-94e8-8dae52611b22,calm-anchovy-2586,bdcdccb0-ea35-4913-99f7-73f86123f8e1,2024-05-30 07:27:35.319082+00,2024-05-30 07:27:35.319082+00,2024-08-10 12:46:19.497457+00,15,35
704679e7-c8fe-4389-8674-4c760ed0a63a,gentle-elephant-8493,bdcdccb0-ea35-4913-99f7-73f86123f8e1,2024-02-24 22:34:57.847871+00,2024-02-24 22:34:57.847871+00,,45,29
c7e36364-0463-4c91-825e-d1376de2b077,kind-pelican-9221,820a93bf-7302-4e5a-8b91-912cb47a5056,2023-05-17 21:26:58.440487+00,2023-05-17 21:26:58.440487+00,,73,63
d56d8ca1-e783-4ba4-bbfb-0360d20d9f30,witty-lemur-5993,820a93bf-7302-4e5a-8b91-912cb47a5056,2023-07-13 05:59:08.754325+00,2023-07-13 05:59:08.754325+00,,53,18
badb3baa-75c7-4db0-b96a-8d28b82bd502,eager-jaguar-6159,820a93bf-7302-4e5a-8b91-912cb47a5056,2022-12-19 01:14:04.175455+00,2022-12-19 01:14:04.175455+00,,6,63
6fd1d029-006b-420c-95ca-a3252bad1d11,brave-beaver-3323,820a93bf-7302-4e5a-8b91-912cb47a5056,2024-06-28 10:27:54.691224+00,2024-06-28 10:27:54.691224+00,,14,65
190b6e50-ff58-41c2-8192-aaeec869d477,kind-kangaroo-1241,820a93bf-7302-4e5a-8b91-912cb47a5056,2023-02-24 06:13:17.14055+00,2023-02-24 06:13:17.14055+00,,32,86
68e85162-02ee-45db-a754-604965732996,brave-giraffe-3309,936048a5-d63d-4453-b020-cf96252e716c,2024-02-27 05:28:29.744115+00,2024-02-27 05:28:29.744115+00,2024-07-28 02:37:07.252369+00,10,76
69c6194a-27e1-4bce-ad94-a805e0fe286f,game-aardvark-4172,936048a5-d63d-4453-b020-cf96252e716c,2023-09-12 17:34:06.972465+00,2023-09-12 17:34:06.972465+00,,17,83
1e4ed485-c24c-411a-a32f-f8122befb9fe,sweet-anchovy-8653,936048a5-d63d-4453-b020-cf96252e716c,2023-03-23 10:10:02.809867+00,2023-03-23 10:10:02.809867+00,,96,79
c59fbc17-7b69-49d1-83d7-617b85dbf41e,brave-lemur-3048,936048a5-d63d-4453-b020-cf96252e716c,2023-08-23 09:45:12.396121+00,2023-08-23 09:45:12.396121+00,,38,62
f1578d2c-d57f-4b6d-96fc-459b7e8bbe96,witty-dolphin-6966,936048a5-d63d-4453-b020-cf96252e716c,2022-10-31 19:57:12.079012+00,2022-10-31 19:57:12.079012+00,,41,38
7794598b-a9c8-43b8-810b-dd0afac08301,eager-kangaroo-7185,936048a5-d63d-4453-b020-cf96252e716c,2024-07-01 14:42:12.061403+00,2024-07-01 14:42:12.061403+00,,63,50
9b0c606a-263b-47c5-a34f-a34a69a6f1a7,calm-dolphin-8150,936048a5-d63d-4453-b020-cf96252e716c,2023-05-28 13:17:06.836203+00,2023-05-28 13:17:06.836203+00,,98,93
f68610a2-cbd9-4a81-a50a-97a23c55b620,kind-jaguar-4715,936048a5-d63d-4453-b020-cf96252e716c,2024-09-21 08:19:31.161821+00,2024-09-21 08:19:31.161821+00,2024-10-11 10:55:32.753999+00,82,12
9f5cd2af-b44c-4347-aaa7-4fb8b2eb353f,kind-chameleon-9862,936048a5-d63d-4453-b020-cf96252e716c,2023-11-28 16:40:11.621462+00,2023-11-28 16:40:11.621462+00,,26,79
d98dc1ed-a54c-4678-8a87-de651a1b0a55,kind-iguana-9623,936048a5-d63d-4453-b020-cf96252e716c,2023-05-18 09:15:50.045373+00,2023-05-18 09:15:50.045373+00,,23,55
e7efc71e-1a7c-46ec-8a98-d35528d6192f,calm-iguana-2432,527531f9-108e-4eaa-8217-72d86d1b195b,2023-11-03 07:59:04.837466+00,2023-11-03 07:59:04.837466+00,,86,18
d4cbe486-2793-40b4-bbb1-911aa4f913d0,game-iguana-3914,527531f9-108e-4eaa-8217-72d86d1b195b,2023-01-05 13:43:29.484499+00,2023-01-05 13:43:29.484499+00,,56,51
7e06ee03-23f0-49c5-a08e-720d909aca01,nice-flamingo-9163,527531f9-108e-4eaa-8217-72d86d1b195b,2024-04-22 18:44:23.065438+00,2024-04-22 18:44:23.065438+00,,2,98
be3eb301-5e9d-4258-b854-ded6594ea366,faithful-anchovy-1629,527531f9-108e-4eaa-8217-72d86d1b195b,2024-04-14 19:43:33.415767+00,2024-04-14 19:43:33.415767+00,,76,93
1ba8ef6e-3092-48e5-a157-50565b369a5f,sweet-giraffe-6643,527531f9-108e-4eaa-8217-72d86d1b195b,2023-07-19 20:28:59.709973+00,2023-07-19 20:28:59.709973+00,,80,2
53220c20-ac8e-40e6-894a-58da24ccdea5,calm-jaguar-7500,527531f9-108e-4eaa-8217-72d86d1b195b,2024-01-22 00:35:04.937505+00,2024-01-22 00:35:04.937505+00,,34,63
dffbcacf-a559-4311-bd09-f5fc085c9135,sweet-pelican-4788,527531f9-108e-4eaa-8217-72d86d1b195b,2023-08-23 02:38:01.501626+00,2023-08-23 02:38:01.501626+00,,80,67
0d0d2f21-b76e-4332-8ca1-d59a448f90f0,silly-aardvark-2357,dbe962cb-b4a4-4fe9-be2d-f4d3338c2550,2024-06-07 07:29:11.19141+00,2024-06-07 07:29:11.19141+00,,24,54
9e07e4d6-fc37-4afa-b4f2-c6c6b1d58765,nice-jaguar-4781,dbe962cb-b4a4-4fe9-be2d-f4d3338c2550,2023-07-25 05:12:39.279432+00,2023-07-25 05:12:39.279432+00,2024-04-16 15:46:12.023491+00,27,6
b2e1d669-26fd-4b90-b334-05055edcabbb,calm-jaguar-7969,dbe962cb-b4a4-4fe9-be2d-f4d3338c2550,2024-09-15 06:34:25.5339+00,2024-09-15 06:34:25.5339+00,,48,99
7ca0b50d-52e1-4454-8759-55409d342031,nice-chameleon-3534,dbe962cb-b4a4-4fe9-be2d-f4d3338c2550,2022-11-17 12:48:19.156404+00,2022-11-17 12:48:19.156404+00,,36,57
e802d7e4-6806-4659-a5ca-37898ac5af1e,calm-dolphin-9119,dbe962cb-b4a4-4fe9-be2d-f4d3338c2550,2023-01-24 19:27:45.411638+00,2023-01-24 19:27:45.411638+00,,65,96
6feddb48-c351-4a6a-9fbf-de3b95634140,silly-iguana-8243,dbe962cb-b4a4-4fe9-be2d-f4d3338c2550,2023-03-21 09:15:01.552562+00,2023-03-21 09:15:01.552562+00,,59,31
e990c443-04ba-4796-89ca-18249b195170,brave-jaguar-3731,dbe962cb-b4a4-4fe9-be2d-f4d3338c2550,2024-01-24 13:12:02.163601+00,2024-01-24 13:12:02.163601+00,,19,71
893da042-00b4-4125-bfa7-264bc55d153c,sweet-giraffe-7249,dbe962cb-b4a4-4fe9-be2d-f4d3338c2550,2023-08-01 14:03:39.426803+00,2023-08-01 14:03:39.426803+00,,38,37
4b5dc922-a8a5-44c3-b88c-1c2252750f71,silly-kangaroo-8785,b6b41032-8e28-4f59-a7de-9916c73d4888,2023-11-02 15:47:28.085128+00,2023-11-02 15:47:28.085128+00,,72,79
8fb8f454-9df2-446d-ad48-4c0f2ae87a85,proud-anchovy-3490,b6b41032-8e28-4f59-a7de-9916c73d4888,2023-08-06 02:27:33.736478+00,2023-08-06 02:27:33.736478+00,,8,12
ff480925-9ac5-4ee2-9429-09ceb7811ab0,brave-kangaroo-6085,b6b41032-8e28-4f59-a7de-9916c73d4888,2022-12-13 22:19:57.553338+00,2022-12-13 22:19:57.553338+00,2023-06-15 12:34:23.557909+00,32,45
17fd96d7-1196-4887-9f93-a95526505900,brave-anchovy-1286,b6b41032-8e28-4f59-a7de-9916c73d4888,2024-08-05 12:42:50.273705+00,2024-08-05 12:42:50.273705+00,2024-08-27 22:34:43.524251+00,34,10
46ee755e-1a4e-4310-98ce-928c6daa38dc,nice-beaver-6543,b6b41032-8e28-4f59-a7de-9916c73d4888,2023-04-19 00:19:58.158564+00,2023-04-19 00:19:58.158564+00,,21,0
1a57ab5e-192b-456a-b885-8c1530f4daf8,silly-pelican-8759,b6b41032-8e28-4f59-a7de-9916c73d4888,2024-02-27 16:49:10.024282+00,2024-02-27 16:49:10.024282+00,,2,89
b04a204d-633b-4eca-ba44-ee97558b4104,calm-beaver-8529,345bf9bc-e67a-492e-8d5b-c3f7aa0a3366,2023-06-28 15:45:01.789555+00,2023-06-28 15:45:01.789555+00,2024-03-03 12:44:06.580278+00,38,31
7a9c0960-8ba8-4830-af0a-2b0471d8be5d,faithful-iguana-2093,345bf9bc-e67a-492e-8d5b-c3f7aa0a3366,2023-03-30 13:08:43.579157+00,2023-03-30 13:08:43.579157+00,,75,87
ffd42a37-0d2d-47cd-a22a-8244f57181d6,proud-lemur-2359,345bf9bc-e67a-492e-8d5b-c3f7aa0a3366,2023-11-12 01:09:27.039338+00,2023-11-12 01:09:27.039338+00,,52,57
4dea99ad-d0fe-4438-a4e7-0f201d392417,silly-giraffe-7177,345bf9bc-e67a-492e-8d5b-c3f7aa0a3366,2023-02-24 06:18:39.24458+00,2023-02-24 06:18:39.24458+00,,62,18
c4a3179f-068c-4061-a89d-9d6aa3bc3dba,brave-hedgehog-5646,345bf9bc-e67a-492e-8d5b-c3f7aa0a3366,2023-02-16 16:41:05.707074+00,2023-02-16 16:41:05.707074+00,,71,82
0ea3580e-0d71-4cd5-b6fb-a4401a8571f7,eager-pelican-7885,345bf9bc-e67a-492e-8d5b-c3f7aa0a3366,2023-10-29 06:26:52.904529+00,2023-10-29 06:26:52.904529+00,,13,32
f81c25a7-3140-4681-b249-231ead304654,happy-hedgehog-2207,345bf9bc-e67a-492e-8d5b-c3f7aa0a3366,2023-02-13 13:25:21.890052+00,2023-02-13 13:25:21.890052+00,,76,99
6b5ce643-9fb3-44f7-93bb-e657dc64ab7c,silly-iguana-9731,345bf9bc-e67a-492e-8d5b-c3f7aa0a3366,2023-11-22 08:16:56.543073+00,2023-11-22 08:16:56.543073+00,,43,12
c2b7aa32-825d-478a-bcca-865c948fd2c3,witty-pelican-6814,345bf9bc-e67a-492e-8d5b-c3f7aa0a3366,2024-04-24 01:59:51.74239+00,2024-04-24 01:59:51.74239+00,,34,63
45b2243f-fe89-4032-b009-b2ecdc575af3,gentle-aardvark-9400,345bf9bc-e67a-492e-8d5b-c3f7aa0a3366,2023-06-20 05:45:51.151446+00,2023-06-20 05:45:51.151446+00,,16,86
cf032e93-fca5-4edf-9b2f-d8984efbfb20,jolly-flamingo-2707,b3668799-1ed6-4c85-be06-6b1739a906e8,2024-10-16 13:46:13.955806+00,2024-10-16 13:46:13.955806+00,,89,35
66071764-122b-44aa-a913-acab0adfd83d,nice-hedgehog-7703,b3668799-1ed6-4c85-be06-6b1739a906e8,2024-06-30 16:21:42.030489+00,2024-06-30 16:21:42.030489+00,,64,44
6e0a54cc-7fc4-48ed-8dd9-5c55cdf31fb3,jolly-chameleon-3528,7f904230-0bb6-46c2-b4d3-3b06b5c1db4c,2023-06-13 14:40:19.967247+00,2023-06-13 14:40:19.967247+00,,19,46
929a8b52-6752-443a-a994-9f6879237ad9,brave-elephant-5915,7f904230-0bb6-46c2-b4d3-3b06b5c1db4c,2023-12-11 02:35:26.789482+00,2023-12-11 02:35:26.789482+00,,35,63
9c0e27ee-7d1f-45d0-926b-58f67bf7fb57,happy-beaver-5847,7f904230-0bb6-46c2-b4d3-3b06b5c1db4c,2023-05-11 00:14:03.196063+00,2023-05-11 00:14:03.196063+00,,19,87
d5c24882-35d1-4530-a09d-939d127faaee,lively-anchovy-4451,7f904230-0bb6-46c2-b4d3-3b06b5c1db4c,2023-07-06 06:58:27.376825+00,2023-07-06 06:58:27.376825+00,,92,58
1cd470bf-a29f-491d-85f7-5e7c95a6b548,brave-anchovy-1969,7f904230-0bb6-46c2-b4d3-3b06b5c1db4c,2023-10-18 04:19:08.10111+00,2023-10-18 04:19:08.10111+00,,87,18
9366213e-b617-4fac-ad26-cceafa2f08e3,sweet-flamingo-4066,7f904230-0bb6-46c2-b4d3-3b06b5c1db4c,2024-04-18 02:31:07.783624+00,2024-04-18 02:31:07.783624+00,,11,51
5c286146-a502-42f2-8802-d76cb7e3c5c0,witty-pelican-7881,595b968a-3638-4e39-aa2b-765183097912,2024-06-09 00:33:34.059064+00,2024-06-09 00:33:34.059064+00,,31,35
6e696f33-2db5-45fb-8ba2-2ab927c85898,calm-kangaroo-6068,595b968a-3638-4e39-aa2b-765183097912,2023-10-23 23:04:31.911331+00,2023-10-23 23:04:31.911331+00,,21,99
f7f1b2e1-cdfd-45a6-a056-0f4188fddd4f,kind-pelican-9623,61c14956-678e-4229-aee9-bafe150cd583,2023-08-02 16:24:13.920668+00,2023-08-02 16:24:13.920668+00,,92,21
521c1648-9e45-43ba-bf6d-b49f0a06902b,nice-elephant-4439,61c14956-678e-4229-aee9-bafe150cd583,2024-06-21 12:05:46.725042+00,2024-06-21 12:05:46.725042+00,,0,58
912a70d3-42a2-43ff-8463-67f518c3982a,sweet-giraffe-6809,61c14956-678e-4229-aee9-bafe150cd583,2024-03-11 15:43:12.24721+00,2024-03-11 15:43:12.24721+00,2024-10-09 10:03:24.59985+00,51,81
