id,email,customer_id,max_project_limit,created_at,updated_at,zendesk_user_id,organization_id,first_name,last_name
131acb42-4ac3-4fa6-9724-002cbe2173f6,angela.martin@lynch-miller.com,cus_9f63467bc4f44ede,100,2023-09-14 12:47:57.929332+00,2024-01-15 06:15:28.748584+00,1,org_9586845f15534351,Angela,Martin
963199fa-f3f6-46b1-b28c-0a99fcff10ae,melissa.collier@peters-thompson.biz,cus_70f86393ad3b4e86,100,2024-08-22 19:56:22.02688+00,2024-10-22 23:18:09.47907+00,2,org_7ce74bc2b5ff45b2,Melissa,Collier
eda2b9d8-caec-4913-85ac-953fff43a439,tina.jackson@gray-smith.com,cus_400bc41d034e4aa1,100,2024-10-23 05:42:03.634614+00,2024-10-23 09:37:42.889413+00,3,org_4a0615df48b14c59,Tina,Jackson
b7a9546a-3dc2-49ea-a285-f2eceb6ffc4b,peggy.erickson@williams.com,cus_dd7c5b8e1af74606,100,2024-04-26 08:10:33.490083+00,2024-10-11 23:07:43.180158+00,4,org_1be2f8b41adc43a0,Peggy,Erickson
fa87abc9-ef26-42e9-9fbd-1c90a26a2ddb,amanda.young@harrington.com,cus_b7f6887cf4874bc1,100,2023-12-31 16:33:28.235346+00,2024-07-10 12:47:06.871667+00,5,org_ffa40a28dde74176,Amanda,Young
12b689e7-148d-40c5-b477-cc9f9b85d81a,elizabeth.patterson@serrano.org,cus_f9ae766d8c824be3,100,2023-03-17 19:19:51.531706+00,2024-01-06 18:59:17.725504+00,6,org_b597140aa43741c8,Elizabeth,Patterson
74360084-0da5-4b75-b541-8b49a32c357b,margaret.patterson@vega-howard.org,cus_ca733000eb0f414b,100,2023-05-07 10:44:13.350412+00,2023-11-23 17:43:34.62651+00,7,org_dd964077ea09486f,Margaret,Patterson
4d23ecb2-1ea9-43d4-b68a-6c36a73bd94d,herbert.thompson@serrano.org,cus_38b1ebe270c24cfe,100,2022-11-06 13:41:39.062568+00,2024-03-31 17:44:11.840341+00,8,org_019cdaab3b95432f,Herbert,Thompson
88ec5c03-3cd4-4b36-a5bc-2c0419cd0e72,isaac.padilla@casey-wilson.org,cus_40b3b3895a2d4eff,100,2023-09-08 14:58:53.799363+00,2024-01-07 06:00:03.434999+00,9,org_b11d9fafad01409a,Isaac,Padilla
79c391c1-c780-4576-99b9-e586ab615871,kimberly.stevens@williams.com,cus_7a5f1cbc05eb46ef,100,2024-03-17 18:26:25.785017+00,2024-07-27 10:36:19.746771+00,10,org_a7fa0b08ddf24499,Kimberly,Stevens
f1e00001-5c4e-4769-b5cb-c6d03c179440,lance.foster@ellis-smith.org,cus_25294bce668242ed,100,2023-11-05 01:29:26.611962+00,2024-01-07 23:36:23.645616+00,11,org_a11adc61579b474f,Lance,Foster
6f5d4605-2ca5-4ee3-8180-b9148ea199cf,allison.robinson@morales-townsend.org,cus_1a0fa9e9834548e0,100,2022-11-05 11:21:44.364038+00,2024-02-06 04:16:33.789869+00,12,org_1b9af490d168433b,Allison,Robinson
954d7987-df52-4806-b77c-92e8ed047f0b,lisa.bailey@smith.org,cus_bdd74c296ef6421f,100,2023-07-24 13:09:15.51643+00,2024-05-02 04:27:53.072022+00,13,org_3907cb561d274112,Lisa,Bailey
b5af431c-5d58-4c8c-b8bc-04c936729a7a,mary.lopez@harper.com,cus_3adfd65ff2454835,100,2022-11-09 13:53:07.833393+00,2024-04-18 07:06:13.951446+00,14,org_e6a317427ea84599,Mary,Lopez
e81bcc27-773f-4181-be79-aeeac5eb20d4,karen.sandoval@horne.biz,cus_fd9dedeccfc649ef,100,2023-04-07 04:59:57.499262+00,2023-11-05 20:59:43.121039+00,15,org_c2bc273b182940e9,Karen,Sandoval
b541aae1-1c1b-4208-8f6f-0f8ca963ce03,marissa.schneider@williams.com,cus_68ccc2e4110e403f,100,2023-07-04 23:42:34.676265+00,2024-02-06 06:28:37.917483+00,16,org_25fb8215fd4b4229,Marissa,Schneider
124de5a6-d6bd-40af-b309-46fd38e681a9,mary.martinez@williams.com,cus_935378d7131540f0,407,2024-03-20 11:26:52.697815+00,2024-03-21 08:16:49.579431+00,17,org_93b5062ad39b4864,Mary,Martinez
11cd26c7-a52d-42a1-89cf-a75337a4c410,yvonne.taylor@clark.com,cus_fbe542498bfb4c70,100,2023-02-10 18:37:44.076405+00,2023-11-22 11:51:28.426152+00,18,org_457f73de493a4dba,Yvonne,Taylor
cca3e189-65f8-4492-8d75-b0beb9ccb8d1,shawn.jones@harper.com,cus_be740c565b3f4cc8,100,2023-07-16 02:13:05.939556+00,2024-04-14 18:36:54.79763+00,19,org_0d470318de914e93,Shawn,Jones
48358b0e-9c29-4550-ad03-9d0fd633867a,sharon.rush@smith.org,cus_91d94eda551640a9,100,2023-04-29 04:05:59.768711+00,2024-03-25 14:45:05.896505+00,20,org_ffdadfc3196f4dd8,Sharon,Rush
be80531e-4953-4052-9b9d-cddbbfa5158c,elizabeth.ortiz@vega-howard.org,cus_49645c17a3c34d55,100,2022-12-20 15:31:11.303356+00,2023-10-27 22:22:04.119788+00,21,org_134357b72686498d,Elizabeth,Ortiz
6ee8574d-eb2b-4fbc-96cb-c2d0c80d6fe8,mary.martinez@horne.biz,cus_1cc9cd06554a47ed,100,2022-11-14 20:27:29.838986+00,2023-07-29 09:25:29.527775+00,22,org_1339cd4fe57d4508,Mary,Martinez
1e7800b2-b80c-47f4-a872-99acf506601b,william.ramirez@perez-brown.com,cus_508d9ced9abb42d7,100,2024-08-27 01:31:59.70416+00,2024-10-21 10:35:59.196398+00,23,org_b3ab2e13741e4593,William,Ramirez
44727eb0-f65f-42cf-a6a9-200d047273bb,ashley.mccarthy@lynch-miller.com,cus_328bd6a42cfe4856,100,2023-09-12 03:58:56.085446+00,2023-11-25 18:20:20.961219+00,24,org_ea453b72df7b491b,Ashley,Mccarthy
0a1a11c4-3a10-49d7-a4f4-a000191afd85,monica.anderson@smith.org,cus_9ba67c2347de4d37,100,2023-01-05 14:45:42.655595+00,2023-09-18 21:47:20.477163+00,25,org_2ad89c2f6f26457c,Monica,Anderson
3b63f6f5-ee88-483c-972e-636ef0a0398d,rachel.jackson@harper.com,cus_f0764f588cdf4289,100,2023-09-12 03:24:35.907958+00,2024-08-24 03:35:31.87842+00,26,org_4dfadba947a84625,Rachel,Jackson
34007d1e-1171-4ac6-9d48-2fb6fa51468f,elizabeth.banks@walker.com,cus_92b83433bc054904,100,2022-11-08 23:08:43.041517+00,2024-09-15 12:20:38.247136+00,27,org_958550e5c7eb4e56,Elizabeth,Banks
bfedaaae-e731-479d-ad60-2599d6cd6ea8,stephanie.brooks@smith.org,cus_5292e1c378ed4f06,100,2023-02-26 02:48:55.78439+00,2024-09-05 09:40:04.728342+00,28,org_70c3098aacfa4703,Stephanie,Brooks
662de472-5d38-490b-8cb8-0249881265e3,joseph.ford@williams.com,cus_e1c50e1de38d4da3,100,2023-02-22 09:11:20.119694+00,2023-02-28 05:36:41.342719+00,29,org_3d417eb2e7e841e8,Joseph,Ford
e2908983-1bbb-46be-9af2-e5770441b6a4,briana.moreno@smith.org,cus_174eb1159e394a32,100,2024-08-21 01:13:42.271022+00,2024-10-12 14:40:33.081284+00,30,org_fe3aad10f22f4086,Briana,Moreno
d2a79b3a-caaa-4b3e-a381-6cb46767c6d4,cheryl.smith@mason.com,cus_df802e5ae99946e8,100,2024-02-02 04:08:13.948946+00,2024-07-24 22:14:38.344167+00,31,org_1483619f30e649af,Cheryl,Smith
6b461aec-56d7-4883-87a6-b8211381423e,dawn.duran@williams.com,cus_0a6693bf2a9840fd,100,2024-03-22 11:08:27.155162+00,2024-07-19 03:14:45.601664+00,32,org_54d280e1503f4df7,Dawn,Duran
de698566-d945-42cc-8322-ea8bed760423,brian.wallace@mason.com,cus_99e6dd8edcc840f0,100,2023-10-13 13:37:00.443622+00,2024-01-24 23:03:18.201086+00,33,org_055f60517f624971,Brian,Wallace
d1fba6e1-679a-46df-97d9-bad78d83afcf,logan.andrews@harper.com,cus_1c2956cd84b04c8b,100,2024-09-18 12:46:35.411215+00,2024-09-18 22:56:35.558479+00,34,org_669976e21d2842e5,Logan,Andrews
d9671ffc-6b58-417c-a115-97994b4ab15f,matthew.paul@morales-townsend.org,cus_dc61245dd18c4dad,569,2024-02-02 23:16:39.308307+00,2024-04-11 00:53:43.565858+00,35,org_b33694bcc5b749c6,Matthew,Paul
ad581144-f1e9-427d-bf53-524233410256,victoria.randolph@khan.biz,cus_c48ed7afc4504ace,100,2024-08-20 06:00:13.391222+00,2024-10-13 08:03:03.349322+00,36,org_aa2ebaf284f348c1,Victoria,Randolph
d4b86c93-0d5b-4054-a926-dbf298ed0ed8,jonathan.nguyen@perez-brown.com,cus_6467b588d6454d2b,100,2023-10-01 17:05:17.335626+00,2024-04-22 02:59:16.688037+00,37,org_d07e74bbd6dd4951,Jonathan,Nguyen
45e3b2c3-6dd4-43b2-97c9-5b11641db679,james.garcia@morales-townsend.org,cus_15b708a35c9c4013,100,2023-04-24 13:50:13.11746+00,2023-12-06 17:01:31.817678+00,38,org_2265760d47fb46ac,James,Garcia
d273bb14-ce4e-4189-893b-7df04fea0de8,carl.smith@mason.com,cus_ff0ca86521834264,100,2023-08-19 23:33:12.546281+00,2024-04-15 10:39:16.76545+00,39,org_d6d3417b9b7f4029,Carl,Smith
2e7442ae-358b-4eb6-b258-5d45f022f1bc,thomas.smith@perez-brown.com,cus_dc5ea25263414aac,100,2022-10-29 04:11:14.44768+00,2023-12-12 02:58:37.469097+00,40,org_34ce8c8fdd734fe4,Thomas,Smith
b1bf0c56-7a16-450c-8123-d3b2d98f4b63,michelle.diaz@lynch-miller.com,cus_4e54b0c3c7b945be,932,2023-10-15 02:45:44.1031+00,2024-09-08 11:00:25.071559+00,41,org_3fc6de08644f48e1,Michelle,Diaz
c90727c7-87cd-4687-be9c-05a9f4f45075,matthew.wells@harrington.com,cus_06a71f324b1248fe,100,2023-08-15 23:05:37.312016+00,2024-03-27 19:16:45.396849+00,42,org_565632f6571d4a5a,Matthew,Wells
9bcd4fe5-ec2c-4e86-984c-13beb8a22786,garrett.lamb@ellis-smith.org,cus_5d6a7c95686f4d02,100,2022-11-17 03:32:15.145872+00,2023-12-10 07:07:48.191414+00,43,org_34fd30636a9b4a76,Garrett,Lamb
080abba9-cbce-4473-8d8b-e866cb8467e4,kylie.green@vega-howard.org,cus_e5f7c34c88ab499d,100,2024-03-17 21:12:14.51982+00,2024-08-13 10:52:04.238837+00,44,org_4f6ce560355d4bb4,Kylie,Green
f34e96b4-981b-49f1-9275-c3be6e93d9bd,paul.rice@walker.com,cus_1d7c40201dbc4e77,100,2024-04-06 22:54:07.176592+00,2024-04-08 04:56:00.476406+00,45,org_fee46b2a9da5431c,Paul,Rice
fd650d8f-b787-4d9c-a787-f25205bee7d3,brittney.drake@harrington.com,cus_18e5efc0d5064430,100,2024-03-09 03:01:16.244614+00,2024-10-14 13:00:31.136791+00,46,org_afe0b8a897d34518,Brittney,Drake
ef3a9601-3db3-49b7-a16f-0d89f6c9331b,margaret.rodriguez@williams.com,cus_fc8b3e0433b44c27,100,2023-04-12 02:32:37.258438+00,2023-09-19 15:28:54.071875+00,47,org_09aeb4155dd04156,Margaret,Rodriguez
92394ff6-0578-4278-83f5-c29a52d64fcd,drew.hughes@mason.com,cus_0509d567dd2d498c,100,2023-09-15 04:57:26.095062+00,2024-06-24 23:40:06.764112+00,48,org_ee3fc3f26506405b,Drew,Hughes
e3b01388-c1b2-47ef-b66a-5c6aa25797a5,tiffany.kelly@williams.com,cus_569cb481dce04c90,100,2024-03-22 12:25:37.001835+00,2024-04-25 18:57:19.1713+00,49,org_b5fdff61e94b42ce,Tiffany,Kelly
7f1fcd84-5cbb-49a7-910f-738a2caa4644,jessica.ross@williams.com,cus_85cc447052d84525,100,2023-09-03 11:27:13.566501+00,2024-04-19 15:33:50.758001+00,50,org_6101a4dbfbe5464c,Jessica,Ross
3d24de5a-7a44-45c9-9ed9-9c7b61176e3d,gabriel.leach@harrington.com,cus_4a70ca84b46043ef,208,2023-12-28 00:20:33.242598+00,2024-07-03 14:36:24.038769+00,51,org_0cd8bf5538e647dc,Gabriel,Leach
16888ca0-1fe8-461d-b616-bd0a45941f2f,bryan.harvey@casey-wilson.org,cus_fbe59bc2c84c4926,100,2024-03-24 04:04:50.946176+00,2024-10-11 23:23:42.805551+00,52,org_0b2fd93f555a41b7,Bryan,Harvey
5bff8a13-88f3-41fd-b0dd-83ef1312a52a,brandon.chen@harrington.com,cus_d5adf5be22774890,100,2023-02-10 04:09:03.507303+00,2023-05-06 22:21:25.444123+00,53,org_fe0474b874d14434,Brandon,Chen
50b84f0a-ca2b-4006-916f-8be62ae636f0,terrance.carroll@williams.com,cus_053bb85f2483495d,100,2024-03-04 21:59:44.432246+00,2024-06-24 15:55:02.126455+00,54,org_bf62dcfa6d7f4025,Terrance,Carroll
5c8cdafa-4e5f-4181-9e88-1b77d6d8e553,ann.lee@williams.com,cus_53ae576fc7324e51,379,2022-11-08 06:48:20.187565+00,2024-10-01 00:41:56.678846+00,55,org_070451f300b34981,Ann,Lee
87c88305-bbe8-4e7a-96ee-60ab6005f957,roy.chan@peters-thompson.biz,cus_eb5140076ab04c3f,100,2023-12-12 14:59:59.573511+00,2023-12-26 21:37:31.499374+00,56,org_6c25393126474522,Roy,Chan
52a66fcf-5840-48bb-9eae-263970f22895,katelyn.lewis@perez-brown.com,cus_aaeaa26a9f364a3a,300,2024-01-24 08:35:13.626426+00,2024-07-23 02:37:38.445598+00,57,org_34b30fe37ba746ec,Katelyn,Lewis
0a6b14d5-b650-4c97-9241-235197b0473b,paul.harrington@horne.biz,cus_1f8336b4a07548b9,100,2024-04-17 15:17:57.480431+00,2024-06-22 12:53:43.549227+00,58,org_d2103d49486341b5,Paul,Harrington
abac8387-220c-48f7-973f-9b5429bfcdce,henry.wilkinson@harrington.com,cus_b21e9ecd73ad49c9,710,2023-01-08 05:26:26.991246+00,2024-02-02 03:31:27.064574+00,59,org_560bd5199fc7494b,Henry,Wilkinson
7110e2cf-23c2-429a-a864-cd01dd0fb553,colin.chen@smith.org,cus_5300bea944f248d9,100,2022-12-23 22:01:32.737988+00,2024-09-27 21:03:27.90107+00,60,org_71d2b9e818164076,Colin,Chen
69c6cd30-515f-40ee-ae04-8214ad3d3dea,gabriella.ray@williams.com,cus_5211e964cffe4212,100,2023-05-20 05:18:33.913815+00,2024-09-18 06:30:38.380086+00,61,org_7640e850b00748dd,Gabriella,Ray
ea5dafad-bbab-43e8-8e6a-e5236bc85440,erica.smith@anderson-hunter.com,cus_b002965a44a24373,100,2023-11-13 23:52:21.588441+00,2024-06-07 16:29:37.195567+00,62,org_4da5f85c0d344bc0,Erica,Smith
17eacb47-cab4-4cb5-8d08-9a991067ccda,michelle.thornton@vega-howard.org,cus_c373f2afc2c544ea,100,2023-07-20 17:21:20.692403+00,2023-11-02 18:52:53.493458+00,63,org_593a4b5b2eb74889,Michelle,Thornton
58f1d5d5-45c4-4d9c-a08b-d6d9c992e39a,brianna.howard@gray-smith.com,cus_cf14d50c830c4746,100,2022-11-19 17:10:39.233719+00,2023-10-08 18:14:04.319508+00,64,org_1cec89b218b44a9e,Brianna,Howard
491e179d-f9b4-4569-ba41-70640c031938,jason.wilson@gray-smith.com,cus_0439505cb46346e6,100,2024-03-10 20:49:54.257385+00,2024-08-17 13:24:58.51655+00,65,org_23c388f67ef04de3,Jason,Wilson
e9142ae1-b2f6-4762-b66f-15b639396ad8,sarah.wallace@williams.com,cus_c5a41acdee4f4f81,100,2023-01-13 15:49:16.65212+00,2023-10-17 21:24:59.359128+00,66,org_a05aa80295fb48a0,Sarah,Wallace
6b2dca8d-c42f-424a-9bac-7fa4bc479485,thomas.johnson@williams.com,cus_cc39916c06b747d5,100,2023-09-08 17:45:42.860637+00,2023-09-26 08:25:07.466005+00,67,org_7522625a29d54bd5,Thomas,Johnson
6220683f-f762-424d-b51b-657493130c8d,robert.garcia@mason.com,cus_2a5057b4138a416a,100,2024-08-20 05:55:28.201999+00,2024-09-26 16:12:00.99981+00,68,org_1e51dc35eaa544f6,Robert,Garcia
f7c62b50-b0e5-445b-b1a7-911418c31c11,morgan.bishop@horne.biz,cus_8c4cb0909a984641,100,2023-11-10 14:09:46.001187+00,2023-11-13 23:41:15.750743+00,69,org_9a6b922e2c2b4541,Morgan,Bishop
1faa3eeb-9875-4deb-9035-1a6a0b315f85,richard.kennedy@smith.org,cus_28bfb600e19c4dfe,100,2024-03-03 04:03:49.036395+00,2024-05-29 22:57:12.609992+00,70,org_fa52ba02cef44941,Richard,Kennedy
87fd88bd-5bbb-4469-a96f-72607b31ba95,catherine.graham@williams.com,cus_8711e39c9cb04191,100,2024-04-10 03:14:29.331179+00,2024-04-18 10:23:28.408898+00,71,org_b860481d05b34d2b,Catherine,Graham
0948ad80-3d91-413a-b725-da8a6628830b,samuel.hull@walker.com,cus_f5ff7d4ebbc14246,100,2023-04-12 21:35:48.007915+00,2023-12-13 21:27:31.501325+00,72,org_b63575f4f23c4a9a,Samuel,Hull
bd6b8584-4f90-4d9f-b4e7-af62a18aff1d,amanda.perry@clark.com,cus_858d0d15e7544bc4,100,2024-03-16 05:55:33.558002+00,2024-09-20 04:46:29.109956+00,73,org_4aa1b8785cef4d2e,Amanda,Perry
380b1717-9d05-46d6-af2c-e6ac12bfdbaf,daniel.bradley@serrano.org,cus_2fe1525215904083,100,2022-10-26 14:26:36.173117+00,2023-02-15 14:51:37.683424+00,74,org_a7daf647a2f44ceb,Daniel,Bradley
a30a353a-42fa-4251-9f45-d58f4211e61c,barbara.hoover@walker.com,cus_2ccdb527d1744198,100,2023-07-22 23:58:04.410876+00,2024-03-11 22:23:59.457028+00,75,org_57cf9dfb28384fb0,Barbara,Hoover
33b75c80-266c-4c9f-b0ef-d0829ea9b529,jacob.brown@walker.com,cus_7df3b1d2ad254400,100,2024-03-19 09:34:26.521577+00,2024-07-13 23:20:39.772929+00,76,org_21a0511bce164c15,Jacob,Brown
d88819ed-0ff2-4336-bbd8-af7e52570e98,robert.wright@perez-brown.com,cus_9043be0078a04f96,100,2024-09-04 15:20:30.140135+00,2024-10-02 17:52:40.901565+00,77,org_e0cd7d09f00349b0,Robert,Wright
83009c11-94c9-4d65-b15f-2be150ab558c,nicholas.black@horne.biz,cus_a91d94735e5c4b72,100,2024-09-03 07:51:56.141905+00,2024-09-09 20:03:45.666244+00,78,org_1556b67e30f94cac,Nicholas,Black
c62980df-7628-406c-be09-036134a06326,lisa.wilson@williams.com,cus_650a9cc1548e4e4e,100,2024-07-04 18:07:31.909912+00,2024-09-09 10:09:55.490903+00,79,org_9f502c09fbf24add,Lisa,Wilson
0ae3afa9-9d3d-4238-b743-3594b0b5f2cd,donna.hall@mason.com,cus_18c46ac845dd47f8,100,2023-07-25 06:54:13.182848+00,2024-09-12 03:19:06.402469+00,80,org_cf73b3dc0ecc4741,Donna,Hall
02114b93-b7ca-472a-a6a1-637a37afba88,bianca.arnold@harper.com,cus_829044b6c42d4fe0,100,2023-06-03 01:12:30.573587+00,2024-09-17 20:02:42.874155+00,81,org_c476fae6d6564095,Bianca,Arnold
074138d2-c28a-46b3-84f1-b5eff8a2d76d,daniel.pena@smith.org,cus_198d24d80a284643,100,2023-09-22 15:50:46.15584+00,2024-06-07 09:55:10.25142+00,82,org_4031d07c323e4504,Daniel,Pena
daf8661c-b9c8-40dd-8035-eb45aa0b01d9,anna.smith@horne.biz,cus_c9c5b2365b4a48c2,100,2024-09-20 14:59:32.610076+00,2024-10-17 00:18:55.96331+00,83,org_c6e5b4d7d49e40cc,Anna,Smith
59d95e1c-8fbf-43b0-9ee4-17c779f8aa68,tasha.butler@harper.com,cus_4ecbc29c665348e3,100,2024-06-19 05:54:59.21117+00,2024-08-27 10:28:46.957748+00,84,org_1cf8e862a2d4463a,Tasha,Butler
5ad0fdd9-9a0a-480d-99b1-2d6752407b08,timothy.hall@serrano.org,cus_fca686953b814f13,100,2022-12-14 20:10:31.045501+00,2023-05-03 22:43:13.423028+00,85,org_7909f494ea224c3a,Timothy,Hall
91d9652b-8de3-4e1a-a765-8b36fd13101e,amber.cook@lynch-miller.com,cus_ac35425968f94622,100,2024-08-23 10:32:57.326059+00,2024-10-14 00:09:30.004703+00,86,org_41f896b94711442e,Amber,Cook
fdb81f97-41e2-45ae-a492-24db7862cf99,eric.townsend@anderson-hunter.com,cus_741917864e0b49a7,248,2024-08-21 12:06:37.269601+00,2024-08-28 06:00:10.320724+00,87,org_f1a1b3c69e694040,Eric,Townsend
89af4366-894c-49a5-82d9-b1f888b59a2c,nicole.price@horne.biz,cus_2d2522bd18034eac,755,2023-02-08 11:24:05.64905+00,2024-04-06 14:19:52.107737+00,88,org_f95fe7642a9d4145,Nicole,Price
eeb6dd89-4437-4afa-9e9c-070fe36ea155,monica.lawrence@clark.com,cus_01fe84524b474b73,100,2024-03-09 00:42:07.23112+00,2024-09-12 21:11:34.437054+00,89,org_33386c22144d43dc,Monica,Lawrence
bdcdccb0-ea35-4913-99f7-73f86123f8e1,brian.evans@williams.com,cus_9e4299401cf043f6,100,2024-10-04 04:10:16.997874+00,2024-10-20 23:01:06.46593+00,90,org_edabdbc4d17a453a,Brian,Evans
820a93bf-7302-4e5a-8b91-912cb47a5056,kathy.mason@perez-brown.com,cus_66b96909f2284fa6,100,2023-11-06 20:23:34.863347+00,2024-02-01 23:08:31.729989+00,91,org_4c89bd21c98e4fcf,Kathy,Mason
936048a5-d63d-4453-b020-cf96252e716c,daniel.fowler@peters-thompson.biz,cus_97cd316a6b2c4648,100,2024-10-05 10:34:21.996936+00,2024-10-09 16:59:57.097+00,92,org_02c98d36efe243b5,Daniel,Fowler
527531f9-108e-4eaa-8217-72d86d1b195b,leah.ramirez@vega-howard.org,cus_91870424cdb64763,100,2024-06-19 13:05:19.017057+00,2024-08-19 04:19:31.457149+00,93,org_b5cc017d311c4254,Leah,Ramirez
dbe962cb-b4a4-4fe9-be2d-f4d3338c2550,bryan.grant@anderson-hunter.com,cus_aaa27c6088554adf,100,2024-08-03 12:56:59.685566+00,2024-10-19 14:37:29.170268+00,94,org_ff94a09606664194,Bryan,Grant
b6b41032-8e28-4f59-a7de-9916c73d4888,julie.maldonado@peters-thompson.biz,cus_8ee95898fbb04a78,100,2024-07-19 02:27:48.469454+00,2024-10-22 08:59:39.070711+00,95,org_74471318c39c4730,Julie,Maldonado
345bf9bc-e67a-492e-8d5b-c3f7aa0a3366,janet.mcguire@serrano.org,cus_5ef2b073c2344e63,100,2023-09-21 23:47:20.324325+00,2024-05-22 02:28:43.347711+00,96,org_fde04531b4804646,Janet,Mcguire
b3668799-1ed6-4c85-be06-6b1739a906e8,carl.barajas@harrington.com,cus_25605930440a4ca5,100,2024-08-22 13:06:56.842239+00,2024-10-09 05:40:42.012451+00,97,org_ffa252a46e124b94,Carl,Barajas
7f904230-0bb6-46c2-b4d3-3b06b5c1db4c,brianna.lee@perez-brown.com,cus_a735f7e84a724ec9,100,2024-02-04 10:25:13.411212+00,2024-10-15 18:10:41.880298+00,98,org_79dc9b492b6e4a2a,Brianna,Lee
595b968a-3638-4e39-aa2b-765183097912,kimberly.edwards@clark.com,cus_e8d82cde22804d33,100,2022-12-22 16:08:28.718436+00,2023-10-30 00:07:48.728898+00,99,org_9488609c738e4c2d,Kimberly,Edwards
61c14956-678e-4229-aee9-bafe150cd583,joseph.drake@serrano.org,cus_00c355591dc04bc0,100,2023-09-08 03:27:03.728031+00,2024-04-24 23:08:42.591946+00,100,org_ad7a33d9ed324c74,Joseph,Drake
